"timestamp","gt_power_mw","gt_heat_rate_btu_kwh","gt_exhaust_temp_c","gt_setpoint_mw","gt_mode","solar_output_mw","solar_irradiance_fraction","solar_cell_temp_c","bess_soc_pct","bess_power_mw","bess_terminal_voltage_v","bess_setpoint_mw","compute_cpu_load_pct","compute_mem_util_pct","compute_inlet_temp_c","compute_load_mw","cooling_chws_temp_c","cooling_pump_flow_ls","cooling_cop","site_total_load_mw","it_load_mw","mechanical_load_mw","grid_import_mw","grid_import_metered_mw","islanded","balance_residual_mw","binding_constraint","forecast_mw","step_event","scenario_id","rng_seed","source"
"0.0",134.98,11398.7,540.02,93.7421,"ramping",119.6076,0.6,43.0,72.0002,-15.751,1480.1,-55.5644,65.009,55.2,25.79,195.027,8.001,3944.8,4.21,199.0232,195.027,3.9962,-38.8182,-1.7967,0,-0.0,"ramp_limit",199.291,0,"demo_v2",605338760,"synthetic_generator"
"0.1",134.96,11384.2,539.99,80.0,"ramping",119.4607,0.6,42.7,72.0006,-26.974,1480.4,-55.3442,65.005,55.2,25.81,195.015,8.003,3958.4,4.2,199.0765,195.015,4.0615,-27.3748,-3.0683,0,-0.0,"ramp_limit",193.521,0,"demo_v2",605338760,"synthetic_generator"
"0.2",134.94,11356.5,540.07,80.9139,"ramping",120.818,0.6,42.8,72.0011,-35.373,1479.9,-56.6038,65.016,55.1,25.82,195.048,8.004,3948.7,4.12,199.1542,195.048,4.1062,-20.235,-3.9056,0,-0.0,"ramp_limit",200.867,0,"demo_v2",605338760,"synthetic_generator"
"0.3",134.92,11413.2,540.02,80.0,"ramping",119.6587,0.6,42.8,72.0017,-41.027,1479.7,-55.3189,65.033,54.9,25.82,195.099,8.006,3954.9,4.2,199.2598,195.099,4.1608,-13.2956,-4.4466,0,0.0,"ramp_limit",203.387,0,"demo_v2",605338760,"synthetic_generator"
"0.4",134.9,11381.9,540.01,80.6926,"ramping",120.976,0.6,43.2,72.0023,-45.428,1478.6,-56.5528,65.041,54.8,25.78,195.123,8.007,3945.3,4.24,199.3232,195.123,4.2002,-10.1282,-4.7002,0,0.0,"ramp_limit",199.865,0,"demo_v2",605338760,"synthetic_generator"
"0.5",134.88,11394.2,539.98,81.1286,"ramping",119.8022,0.6,43.4,72.003,-48.222,1478.8,-55.2841,65.047,55.2,25.82,195.141,8.009,3947.7,4.19,199.3981,195.141,4.2571,-6.0652,-4.8882,0,0.0,"ramp_limit",199.069,0,"demo_v2",605338760,"synthetic_generator"
"0.6",134.9,11335.6,539.98,158.5003,"ramping",119.2568,0.6,43.5,72.0034,-29.171,1480.7,18.9858,89.362,55.2,25.76,268.086,8.013,4680.1,4.23,273.1426,268.086,5.0566,49.5225,-1.9862,0,0.0,"ramp_limit",188.245,1,"demo_v2",605338760,"synthetic_generator"
"0.7",134.92,11444.7,540.04,164.8915,"ramping",119.8197,0.6,43.2,72.0035,-11.725,1478.6,32.373,93.95,55.3,25.83,281.85,8.017,4810.5,4.21,287.1127,281.85,5.2627,45.5335,0.2435,0,0.0,"ramp_limit",193.505,0,"demo_v2",605338760,"synthetic_generator"
"0.8",134.9,11365.1,540.0,94.7178,"ramping",119.4585,0.6,42.9,72.0038,-19.244,1480.6,-38.2492,70.497,54.7,25.8,211.491,8.019,4115.6,4.25,216.1093,211.491,4.6183,-17.9247,-0.6188,0,0.0,"ramp_limit",202.986,0,"demo_v2",605338760,"synthetic_generator"
"0.9",134.88,11433.2,539.98,86.3217,"ramping",120.0493,0.6,42.6,72.0042,-28.583,1479.5,-52.1898,66.063,54.9,25.87,198.189,8.021,3994.0,4.23,202.7395,198.189,4.5505,-22.5931,-1.6548,0,-0.0,"ramp_limit",196.373,0,"demo_v2",605338760,"synthetic_generator"
"1.0",134.86,11403.9,540.12,80.0,"ramping",119.8259,0.6,42.9,72.0047,-35.921,1481.1,-54.4697,65.217,55.1,25.83,195.651,8.022,3959.4,4.24,200.2162,195.651,4.5652,-17.5476,-2.5461,0,-0.0,"ramp_limit",193.675,0,"demo_v2",605338760,"synthetic_generator"
"1.1",134.84,11381.3,540.02,80.0,"ramping",120.9491,0.6,42.4,72.0053,-41.608,1480.3,-55.9834,65.066,54.9,25.83,195.198,8.023,3940.4,4.17,199.8057,195.198,4.6077,-13.3764,-2.9519,0,0.0,"ramp_limit",201.189,0,"demo_v2",605338760,"synthetic_generator"
"1.2",134.82,11393.2,540.11,85.2424,"ramping",120.4117,0.6,42.9,72.0059,-45.513,1478.7,-55.3833,65.059,55.1,25.85,195.177,8.025,3944.1,4.12,199.8484,195.177,4.6714,-8.8711,-3.4031,0,0.0,"ramp_limit",208.277,0,"demo_v2",605338760,"synthetic_generator"
"1.3",134.84,11399.3,539.96,157.8845,"ramping",119.3451,0.6,42.9,72.0063,-27.115,1480.1,19.3912,89.371,55.1,25.85,268.113,8.029,4689.0,4.25,273.5763,268.113,5.4633,47.8741,-1.0189,0,-0.0,"ramp_limit",191.114,1,"demo_v2",605338760,"synthetic_generator"
"1.4",134.86,11406.8,540.06,170.0738,"ramping",120.3923,0.6,43.3,72.0064,-10.254,1479.1,32.3634,93.98,55.1,25.83,281.94,8.033,4814.4,4.18,287.6157,281.94,5.6757,44.0555,1.3371,0,0.0,"ramp_limit",205.391,0,"demo_v2",605338760,"synthetic_generator"
"1.5",134.84,11426.1,540.01,89.1595,"ramping",119.577,0.6,43.0,72.0067,-18.094,1478.0,-37.9085,70.494,54.8,25.83,211.482,8.035,4110.0,4.18,216.5085,211.482,5.0265,-18.7319,0.3372,0,-0.0,"ramp_limit",189.762,0,"demo_v2",605338760,"synthetic_generator"
"1.6",134.82,11358.3,540.06,92.8952,"ramping",120.7346,0.6,43.0,72.0071,-27.844,1479.3,-52.4894,66.041,55.1,25.83,198.123,8.036,3974.1,4.18,203.0652,198.123,4.9422,-23.63,-0.7478,0,-0.0,"ramp_limit",189.566,0,"demo_v2",605338760,"synthetic_generator"
"1.7",134.8,11330.2,540.07,84.6993,"ramping",119.5243,0.6,43.0,72.0075,-35.193,1480.6,-53.7705,65.201,55.3,25.84,195.603,8.037,3950.9,4.26,200.5538,195.603,4.9508,-17.5747,-1.5387,0,-0.0,"ramp_limit",197.924,0,"demo_v2",605338760,"synthetic_generator"
"1.8",134.78,11409.6,540.06,80.0,"ramping",119.448,0.6,43.6,72.0081,-40.536,1479.3,-54.04,65.058,55.2,25.86,195.174,8.039,3954.4,4.22,200.188,195.174,5.014,-12.5031,-2.1971,0,0.0,"ramp_limit",206.465,0,"demo_v2",605338760,"synthetic_generator"
"1.9",134.76,11392.9,540.09,80.0,"ramping",121.2968,0.6,43.3,72.0087,-44.881,1479.8,-55.8647,65.041,54.8,25.86,195.123,8.04,3951.4,4.19,200.1921,195.123,5.0691,-9.9827,-2.6888,0,0.0,"ramp_limit",205.534,0,"demo_v2",605338760,"synthetic_generator"
"2.0",134.78,11379.6,540.02,157.6888,"ramping",119.9527,0.6,42.3,72.0091,-26.705,1479.0,19.2377,89.364,55.2,25.84,268.092,8.044,4690.9,4.19,273.9704,268.092,5.8784,47.3126,-0.1945,0,0.0,"ramp_limit",197.711,1,"demo_v2",605338760,"synthetic_generator"
"2.1",134.8,11422.8,540.01,169.2625,"ramping",119.907,0.6,42.4,72.0092,-9.704,1479.9,33.2718,93.968,54.9,25.88,281.904,8.048,4807.8,4.17,287.9788,281.904,6.0748,44.4157,2.1137,0,-0.0,"ramp_limit",204.548,0,"demo_v2",605338760,"synthetic_generator"
"2.2",134.78,11393.7,540.02,101.0996,"ramping",119.6702,0.6,42.8,72.0095,-17.575,1478.8,-37.4704,70.515,54.7,25.86,211.545,8.05,4122.3,4.2,216.9798,211.545,5.4348,-18.8105,1.1063,0,-0.0,"ramp_limit",206.651,0,"demo_v2",605338760,"synthetic_generator"
"2.3",134.76,11371.4,540.13,80.0,"ramping",119.9792,0.6,42.9,72.0099,-27.106,1479.6,-51.1985,66.067,54.9,25.86,198.201,8.051,3989.1,4.24,203.5407,198.201,5.3397,-23.0748,0.0753,0,-0.0,"ramp_limit",193.574,0,"demo_v2",605338760,"synthetic_generator"
"2.4",134.74,11328.6,540.05,85.8019,"ramping",119.8876,0.6,42.9,72.0103,-34.611,1480.3,-53.5825,65.229,55.0,25.89,195.687,8.052,3944.5,4.2,201.0451,195.687,5.3581,-17.9662,-1.1811,0,-0.0,"ramp_limit",200.642,0,"demo_v2",605338760,"synthetic_generator"
"2.5",134.72,11365.8,540.15,83.0716,"ramping",120.2956,0.6,43.0,72.0109,-40.208,1479.5,-54.3536,65.09,55.0,25.85,195.27,8.054,3955.7,4.28,200.662,195.27,5.392,-13.1422,-1.579,0,0.0,"ramp_limit",209.82,0,"demo_v2",605338760,"synthetic_generator"
"2.6",134.7,11333.1,540.07,81.2117,"ramping",119.8505,0.6,43.0,72.0115,-44.099,1479.3,-53.9365,65.049,55.5,25.88,195.147,8.055,3946.1,4.18,200.614,195.147,5.467,-8.8344,-1.8518,0,-0.0,"ramp_limit",196.272,0,"demo_v2",605338760,"synthetic_generator"
"2.7",134.68,11349.0,540.1,80.0,"ramping",120.2403,0.6,42.9,72.0122,-46.977,1481.2,-54.2501,65.048,55.3,25.86,195.144,8.056,3955.1,4.18,200.6702,195.144,5.5262,-6.2698,-2.0088,0,0.0,"ramp_limit",204.152,0,"demo_v2",605338760,"synthetic_generator"
"2.8",134.7,11372.6,540.17,156.5363,"ramping",120.1395,0.6,43.3,72.0125,-28.098,1480.7,19.6231,89.37,55.4,25.9,268.11,8.06,4692.2,4.13,274.4626,268.11,6.3526,49.0934,0.4217,0,-0.0,"ramp_limit",197.14,1,"demo_v2",605338760,"synthetic_generator"
"2.9",134.72,11380.7,540.19,176.0069,"ramping",119.7878,0.6,43.7,72.0127,-10.508,1479.7,33.9535,93.973,55.2,25.91,281.919,8.064,4820.4,4.16,288.4613,281.919,6.5423,45.9038,2.6369,0,-0.0,"ramp_limit",205.273,0,"demo_v2",605338760,"synthetic_generator"
"3.0",134.7,11390.1,540.17,93.4155,"ramping",120.417,0.6,42.9,72.0129,-18.216,1479.3,-37.6977,70.51,54.9,25.87,211.53,8.066,4121.4,4.18,217.4193,211.53,5.8893,-18.3946,1.6881,0,0.0,"ramp_limit",203.675,0,"demo_v2",605338760,"synthetic_generator"
"3.1",134.68,11406.1,540.1,91.3846,"ramping",119.5065,0.6,43.0,72.0133,-27.257,1479.8,-50.1107,66.081,55.0,25.92,198.243,8.067,3992.2,4.13,204.0758,198.243,5.8328,-21.8333,0.3581,0,-0.0,"ramp_limit",204.227,0,"demo_v2",605338760,"synthetic_generator"
"3.2",134.66,11391.1,540.23,85.1557,"ramping",120.8178,0.6,42.6,72.0138,-34.813,1478.9,-53.9142,65.254,55.2,25.88,195.762,8.068,3950.7,4.22,201.5636,195.762,5.8016,-18.0934,-0.4079,0,-0.0,"ramp_limit",207.283,0,"demo_v2",605338760,"synthetic_generator"
"3.3",134.64,11377.0,540.12,80.0,"ramping",120.2635,0.6,42.9,72.0144,-40.169,1479.6,-53.705,65.112,55.0,25.87,195.336,8.069,3966.7,4.23,201.1985,195.336,5.8625,-12.5301,-1.0857,0,-0.0,"ramp_limit",210.666,0,"demo_v2",605338760,"synthetic_generator"
"3.4",134.62,11364.3,540.16,80.3597,"ramping",120.8463,0.6,43.0,72.015,-44.183,1479.0,-54.3291,65.064,55.0,25.89,195.192,8.07,3977.0,4.18,201.1372,195.192,5.9452,-9.1405,-1.3482,0,-0.0,"ramp_limit",195.499,0,"demo_v2",605338760,"synthetic_generator"
"3.5",134.6,11422.7,540.1,81.1323,"ramping",119.9861,0.6,43.1,72.0156,-46.776,1477.8,-53.3329,65.069,54.8,25.86,195.207,8.071,3958.4,4.04,201.2532,195.207,6.0462,-5.5507,-1.788,0,0.0,"ramp_limit",208.441,0,"demo_v2",605338760,"synthetic_generator"
"3.6",134.62,11399.3,540.22,153.2368,"ramping",118.9467,0.6,43.2,72.016,-27.445,1477.6,21.4194,89.4,54.9,25.89,268.2,8.075,4704.2,4.19,274.9861,268.2,6.7861,50.2393,0.743,0,0.0,"ramp_limit",202.974,1,"demo_v2",605338760,"synthetic_generator"
"3.7",134.64,11370.5,540.09,168.3564,"ramping",120.1102,0.6,43.3,72.0162,-9.952,1480.2,34.2641,94.008,55.3,25.94,282.024,8.079,4825.7,4.17,289.0143,282.024,6.9903,45.6612,2.929,0,0.0,"ramp_limit",209.709,0,"demo_v2",605338760,"synthetic_generator"
"3.8",134.62,11413.4,540.06,101.2857,"ramping",119.7373,0.6,43.1,72.0164,-17.454,1480.1,-36.4163,70.554,55.2,25.92,211.662,8.081,4102.2,4.25,217.941,211.662,6.279,-17.8726,2.0149,0,0.0,"ramp_limit",209.617,0,"demo_v2",605338760,"synthetic_generator"
"3.9",134.6,11440.3,540.11,88.6761,"ramping",120.5674,0.6,42.6,72.0168,-26.825,1479.1,-50.5114,66.147,55.2,25.89,198.441,8.082,3978.2,4.23,204.656,198.441,6.215,-22.6631,0.8658,0,-0.0,"ramp_limit",216.021,0,"demo_v2",605338760,"synthetic_generator"
"4.0",134.58,11403.0,540.2,80.0,"ramping",120.8541,0.6,43.0,72.0172,-34.318,1480.2,-53.2581,65.302,55.0,25.92,195.906,8.083,3962.4,4.19,202.176,195.906,6.27,-17.9293,-0.0103,0,-0.0,"ramp_limit",201.721,0,"demo_v2",605338760,"synthetic_generator"
"4.1",134.56,11381.8,540.18,85.6082,"ramping",119.9464,0.6,43.7,72.0178,-39.558,1478.6,-52.8042,65.137,54.9,25.91,195.411,8.084,3934.4,4.19,201.7022,195.411,6.2912,-12.2377,-0.6266,0,-0.0,"ramp_limit",202.03,0,"demo_v2",605338760,"synthetic_generator"
"4.2",134.54,11384.8,540.18,80.474,"ramping",119.4439,0.6,42.8,72.0184,-43.178,1480.0,-52.3293,65.111,55.2,25.93,195.333,8.085,3949.6,4.25,201.6546,195.333,6.3216,-8.1431,-1.0012,0,0.0,"ramp_limit",207.176,0,"demo_v2",605338760,"synthetic_generator"
"4.3",134.56,11364.6,540.13,155.2292,"ramping",119.8339,0.6,42.7,72.0187,-24.953,1480.0,21.1158,89.455,55.2,25.94,268.365,8.089,4699.5,4.24,275.5097,268.365,7.1447,47.4464,1.4151,0,-0.0,"ramp_limit",212.687,1,"demo_v2",605338760,"synthetic_generator"
"4.4",134.58,11321.6,540.14,165.3433,"ramping",119.6784,0.6,42.8,72.0188,-7.886,1478.4,35.2543,94.045,55.2,25.95,282.135,8.093,4825.2,4.18,289.5127,282.135,7.3777,44.5879,3.2767,0,0.0,"ramp_limit",203.959,0,"demo_v2",605338760,"synthetic_generator"
"4.5",134.56,11349.7,540.14,92.4716,"ramping",119.2818,0.599,43.1,72.0191,-15.699,1479.0,-35.448,70.571,54.8,25.94,211.713,8.094,4111.8,4.24,218.3938,211.713,6.6808,-18.657,2.3981,0,0.0,"ramp_limit",202.671,0,"demo_v2",605338760,"synthetic_generator"
"4.6",134.54,11407.8,540.17,94.8704,"ramping",119.7639,0.599,43.4,72.0194,-25.212,1476.3,-49.2582,66.133,55.1,25.95,198.399,8.095,3984.6,4.17,205.0457,198.399,6.6467,-23.021,1.134,0,-0.0,"ramp_limit",203.611,0,"demo_v2",605338760,"synthetic_generator"
"4.7",134.52,11358.6,540.2,85.828,"ramping",119.7322,0.599,43.1,72.0199,-32.697,1480.8,-51.6177,65.307,55.4,25.95,195.921,8.096,3955.9,4.1,202.6345,195.921,6.7135,-17.9075,0.1419,0,-0.0,"ramp_limit",211.556,0,"demo_v2",605338760,"synthetic_generator"
"4.8",134.5,11387.0,540.17,80.0,"ramping",120.9474,0.6,42.9,72.0204,-38.535,1481.3,-53.2915,65.146,54.9,25.91,195.438,8.098,3950.9,4.16,202.1559,195.438,6.7179,-13.7457,-0.5058,0,0.0,"ramp_limit",205.32,0,"demo_v2",605338760,"synthetic_generator"
"4.9",134.48,11385.0,540.14,86.2562,"ramping",119.2191,0.6,42.7,72.021,-42.252,1478.4,-51.6488,65.097,55.5,25.92,195.291,8.099,3943.2,4.16,202.0503,195.291,6.7593,-8.3866,-0.788,0,0.0,"ramp_limit",198.674,0,"demo_v2",605338760,"synthetic_generator"
"5.0",134.5,11361.6,540.28,159.2983,"ramping",121.0049,0.6,43.1,72.0213,-24.518,1477.9,20.3102,89.406,55.1,25.95,268.218,8.102,4663.2,4.09,275.8151,268.218,7.5971,46.2073,1.4627,0,0.0,"ramp_limit",198.846,1,"demo_v2",605338760,"synthetic_generator"
"5.1",134.52,11364.8,540.21,168.0378,"ramping",120.2132,0.6,42.8,72.0214,-7.632,1480.6,35.0511,94.002,55.1,25.97,282.006,8.106,4807.4,4.14,289.7843,282.006,7.7783,44.132,3.5384,0,0.0,"ramp_limit",207.786,0,"demo_v2",605338760,"synthetic_generator"
"5.2",134.5,11381.2,540.17,98.5052,"ramping",120.3602,0.6,43.7,72.0217,-15.697,1479.4,-36.0829,70.557,54.9,25.96,211.671,8.107,4110.9,4.18,218.7773,211.671,7.1063,-19.292,2.2662,0,-0.0,"ramp_limit",217.22,0,"demo_v2",605338760,"synthetic_generator"
"5.3",134.48,11390.8,540.14,85.931,"ramping",119.6883,0.6,42.7,72.022,-25.095,1480.2,-48.8494,66.114,55.2,25.94,198.342,8.108,3996.3,4.27,205.3189,198.342,6.9769,-22.7278,1.1006,0,-0.0,"ramp_limit",203.188,0,"demo_v2",605338760,"synthetic_generator"
"5.4",134.46,11357.0,540.21,83.52,"ramping",119.9263,0.6,42.7,72.0225,-32.602,1480.0,-51.5786,65.264,55.1,25.97,195.792,8.109,3958.8,4.23,202.8077,195.792,7.0157,-17.9626,0.2683,0,0.0,"ramp_limit",201.979,0,"demo_v2",605338760,"synthetic_generator"
"5.5",134.44,11399.2,540.19,80.0,"ramping",119.7433,0.599,42.7,72.023,-38.018,1479.0,-51.7092,65.132,55.3,25.97,195.396,8.11,3958.6,4.21,202.4741,195.396,7.0781,-12.6788,-0.268,0,0.0,"ramp_limit",220.197,0,"demo_v2",605338760,"synthetic_generator"
"5.6",134.42,11367.6,540.18,90.7683,"ramping",119.6968,0.599,43.0,72.0236,-41.87,1479.5,-51.6077,65.109,55.5,25.98,195.327,8.111,3953.2,4.13,202.5091,195.327,7.1821,-8.7251,-0.8343,0,0.0,"ramp_limit",211.614,0,"demo_v2",605338760,"synthetic_generator"
"5.7",134.4,11382.1,540.23,80.0,"ramping",119.9548,0.599,43.1,72.0242,-44.701,1480.5,-51.8545,65.105,55.1,25.97,195.315,8.112,3954.4,4.19,202.5003,195.315,7.1853,-6.141,-1.1072,0,-0.0,"ramp_limit",210.01,0,"demo_v2",605338760,"synthetic_generator"
"5.8",134.42,11388.0,540.2,159.6007,"ramping",121.1736,0.599,43.1,72.0246,-26.112,1481.2,20.8751,89.463,55.2,25.98,268.389,8.116,4700.6,4.09,276.4687,268.389,8.0797,48.3695,1.371,0,0.0,"ramp_limit",220.364,1,"demo_v2",605338760,"synthetic_generator"
"5.9",134.44,11330.0,540.24,173.9207,"ramping",119.01,0.599,42.7,72.0247,-8.248,1480.9,36.9075,94.061,55.4,26.02,282.183,8.119,4820.9,4.21,290.3575,282.183,8.1745,46.6073,3.537,0,0.0,"ramp_limit",210.527,0,"demo_v2",605338760,"synthetic_generator"
"6.0",134.42,11341.6,540.18,97.0574,"ramping",119.3568,0.599,42.5,72.0249,-15.656,1479.5,-34.3815,70.603,55.3,26.01,211.809,8.121,4131.3,4.15,219.3953,211.809,7.5863,-17.6286,2.4463,0,-0.0,"ramp_limit",213.391,0,"demo_v2",605338760,"synthetic_generator"
"6.1",134.4,11416.6,540.2,87.4101,"ramping",119.5569,0.599,43.1,72.0252,-24.81,1479.7,-47.9484,66.179,54.9,26.01,198.537,8.122,3975.7,4.16,206.0085,198.537,7.4715,-22.1083,1.1189,0,0.0,"ramp_limit",213.345,0,"demo_v2",605338760,"synthetic_generator"
"6.2",134.38,11407.9,540.31,89.0523,"ramping",119.4806,0.599,42.8,72.0257,-32.022,1480.6,-50.2519,65.341,55.0,26.0,196.023,8.123,3963.0,4.07,203.6087,196.023,7.5857,-17.2119,0.2609,0,-0.0,"ramp_limit",209.902,0,"demo_v2",605338760,"synthetic_generator"
"6.3",134.36,11426.4,540.26,80.9628,"ramping",119.6705,0.599,43.1,72.0262,-37.355,1479.7,-50.8357,65.191,55.1,25.95,195.573,8.124,3967.8,4.09,203.1948,195.573,7.6218,-12.4647,-0.3146,0,-0.0,"ramp_limit",213.93,0,"demo_v2",605338760,"synthetic_generator"
"6.4",134.34,11389.1,540.2,80.0,"ramping",119.4957,0.599,42.9,72.0268,-41.162,1479.1,-50.7856,65.155,55.0,25.95,195.465,8.125,3961.8,4.18,203.0501,195.465,7.5851,-8.6083,-0.7345,0,-0.0,"ramp_limit",207.667,0,"demo_v2",605338760,"synthetic_generator"
"6.5",134.36,11410.8,540.25,151.7939,"ramping",119.9944,0.599,43.3,72.0271,-23.097,1480.2,22.5676,89.499,55.3,25.99,268.497,8.128,4698.7,4.14,276.922,268.497,8.425,47.0492,1.7499,0,0.0,"ramp_limit",218.192,1,"demo_v2",605338760,"synthetic_generator"
"6.6",134.38,11394.3,540.26,163.5596,"ramping",119.7384,0.599,42.6,72.0272,-6.122,1478.8,36.7861,94.11,55.1,26.04,282.33,8.132,4803.9,4.17,290.9045,282.33,8.5745,44.3626,3.866,0,-0.0,"ramp_limit",218.509,0,"demo_v2",605338760,"synthetic_generator"
"6.7",134.36,11416.5,540.18,97.7433,"ramping",119.7522,0.599,43.3,72.0274,-14.101,1480.0,-34.2706,70.638,55.2,26.0,211.914,8.133,4113.9,4.18,219.8416,211.914,7.9276,-19.0704,2.647,0,-0.0,"ramp_limit",208.82,0,"demo_v2",605338760,"synthetic_generator"
"6.8",134.34,11376.1,540.27,89.6076,"ramping",119.1412,0.599,42.9,72.0277,-23.45,1478.6,-47.0799,66.213,55.1,25.97,198.639,8.134,3981.5,4.27,206.4013,198.639,7.7623,-22.5979,1.3365,0,-0.0,"ramp_limit",214.922,0,"demo_v2",605338760,"synthetic_generator"
"6.9",134.32,11392.0,540.28,90.4555,"ramping",119.4699,0.599,43.3,72.0281,-30.903,1480.5,-49.7437,65.383,55.1,25.97,196.149,8.135,3958.9,4.15,204.0462,196.149,7.8972,-17.8205,0.5259,0,-0.0,"ramp_limit",215.09,0,"demo_v2",605338760,"synthetic_generator"
"7.0",134.3,11422.0,540.28,81.5086,"ramping",119.6857,0.599,43.0,72.0286,-36.399,1478.8,-50.2919,65.248,55.4,25.99,195.744,8.136,3963.5,4.15,203.6938,195.744,7.9498,-12.8744,-0.0605,0,-0.0,"ramp_limit",222.128,0,"demo_v2",605338760,"synthetic_generator"
"7.1",134.28,11423.6,540.3,87.8456,"ramping",120.4322,0.6,43.0,72.0292,-40.558,1478.5,-51.07,65.219,55.2,26.0,195.657,8.137,3970.3,4.17,203.6422,195.657,7.9852,-9.4938,-0.6805,0,0.0,"ramp_limit",213.147,0,"demo_v2",605338760,"synthetic_generator"
"7.2",134.3,11394.1,540.3,162.1204,"ramping",120.8814,0.6,43.3,72.0295,-22.723,1478.6,22.3593,89.566,54.9,25.97,268.698,8.14,4680.9,4.09,277.5407,268.698,8.8427,46.47,1.6335,0,-0.0,"ramp_limit",221.037,1,"demo_v2",605338760,"synthetic_generator"
"7.3",134.32,11358.5,540.29,172.959,"ramping",119.9649,0.6,43.5,72.0296,-5.735,1479.1,37.2044,94.161,55.1,26.02,282.483,8.144,4813.4,4.13,291.4893,282.483,9.0063,44.3968,3.7731,0,0.0,"ramp_limit",213.3,0,"demo_v2",605338760,"synthetic_generator"
"7.4",134.3,11387.9,540.24,101.8777,"ramping",119.571,0.599,43.4,72.0298,-13.588,1481.1,-33.4372,70.698,54.9,26.01,212.094,8.145,4125.2,4.16,220.4338,212.094,8.3398,-18.747,2.5649,0,0.0,"ramp_limit",214.409,0,"demo_v2",605338760,"synthetic_generator"
"7.5",134.28,11400.5,540.24,95.2335,"ramping",119.1478,0.599,42.9,72.0301,-22.894,1478.8,-46.4175,66.274,55.2,26.0,198.822,8.146,3985.9,4.22,207.0103,198.822,8.1883,-22.4884,1.4027,0,0.0,"ramp_limit",217.202,0,"demo_v2",605338760,"synthetic_generator"
"7.6",134.26,11340.5,540.34,80.0,"ramping",119.3895,0.599,42.8,72.0305,-30.303,1479.7,-49.0311,65.454,55.2,26.01,196.362,8.147,3956.0,4.17,204.6184,196.362,8.2564,-17.705,0.4929,0,-0.0,"ramp_limit",220.954,0,"demo_v2",605338760,"synthetic_generator"
"7.7",134.24,11392.1,540.18,80.0,"ramping",119.5503,0.599,42.9,72.031,-35.755,1480.1,-49.5341,65.31,54.7,26.03,195.93,8.148,3957.5,4.15,204.2562,195.93,8.3262,-12.7578,-0.2612,0,-0.0,"ramp_limit",220.525,0,"demo_v2",605338760,"synthetic_generator"
"7.8",134.22,11363.7,540.38,81.0121,"ramping",119.4003,0.599,43.5,72.0316,-39.657,1480.6,-49.5221,65.252,55.3,26.03,195.756,8.148,3957.6,4.18,204.0982,195.756,8.3422,-8.8446,-0.5362,0,-0.0,"ramp_limit",201.542,0,"demo_v2",605338760,"synthetic_generator"
"7.9",134.2,11437.6,540.29,80.0,"ramping",120.2972,0.599,42.8,72.0322,-42.679,1479.8,-50.3159,65.265,55.2,26.04,195.795,8.149,3965.2,4.19,204.1813,195.795,8.3863,-6.616,-0.828,0,0.0,"ramp_limit",222.526,0,"demo_v2",605338760,"synthetic_generator"
"8.0",134.22,11388.0,540.35,161.6604,"ramping",119.5808,0.599,43.0,72.0325,-23.74,1481.1,24.132,89.585,54.8,25.99,268.755,8.152,4679.6,4.18,277.9328,268.755,9.1778,49.2617,1.5745,0,0.0,"ramp_limit",209.041,1,"demo_v2",605338760,"synthetic_generator"
"8.1",134.24,11338.1,540.25,172.5725,"ramping",120.2026,0.599,42.8,72.0326,-6.383,1478.2,37.4918,94.168,55.1,26.05,282.504,8.156,4840.2,4.16,291.9344,282.504,9.4304,45.3345,3.7789,0,-0.0,"ramp_limit",208.745,0,"demo_v2",605338760,"synthetic_generator"
"8.2",134.22,11359.9,540.36,100.3199,"ramping",119.9362,0.599,43.5,72.0328,-13.966,1478.8,-33.135,70.722,55.2,26.03,212.166,8.157,4122.4,4.08,221.0212,212.166,8.8552,-18.0639,2.7564,0,0.0,"ramp_limit",224.052,0,"demo_v2",605338760,"synthetic_generator"
"8.3",134.2,11410.8,540.32,87.2413,"ramping",120.7598,0.599,42.8,72.0331,-23.422,1479.3,-47.3249,66.296,55.4,26.04,198.888,8.158,3976.9,4.09,207.6349,198.888,8.7469,-22.8648,1.3968,0,-0.0,"ramp_limit",218.024,0,"demo_v2",605338760,"synthetic_generator"
"8.4",134.18,11396.9,540.33,86.1077,"ramping",119.8781,0.599,42.7,72.0335,-30.691,1478.7,-49.0626,65.465,54.7,26.05,196.395,8.159,3942.0,4.23,204.9955,196.395,8.6005,-17.3466,0.5459,0,-0.0,"ramp_limit",218.403,0,"demo_v2",605338760,"synthetic_generator"
"8.5",134.16,11354.8,540.34,85.9468,"ramping",120.0361,0.599,42.9,72.034,-35.989,1480.1,-49.3823,65.321,55.1,26.04,195.963,8.16,3961.1,4.07,204.8138,195.963,8.8508,-12.3692,0.0816,0,0.0,"ramp_limit",222.08,0,"demo_v2",605338760,"synthetic_generator"
"8.6",134.14,11346.8,540.38,90.989,"ramping",120.1292,0.599,43.0,72.0346,-39.797,1479.0,-49.4215,65.325,55.3,26.04,195.975,8.16,3959.1,4.09,204.8477,195.975,8.8727,-8.6002,-0.5128,0,-0.0,"ramp_limit",231.082,0,"demo_v2",605338760,"synthetic_generator"
"8.7",134.16,11345.5,540.45,155.5951,"ramping",120.3581,0.599,43.1,72.0349,-21.707,1478.7,24.0205,89.657,55.2,26.01,268.971,8.163,4705.3,4.19,278.5386,268.971,9.5676,47.1202,1.6184,0,0.0,"ramp_limit",218.102,1,"demo_v2",605338760,"synthetic_generator"
"8.8",134.18,11334.3,540.43,167.7477,"ramping",120.1191,0.599,42.8,72.0349,-4.751,1480.0,38.1096,94.247,55.0,26.05,282.741,8.167,4828.2,4.27,292.4087,282.741,9.6677,44.3226,3.7872,0,-0.0,"ramp_limit",214.374,0,"demo_v2",605338760,"synthetic_generator"
"8.9",134.16,11344.6,540.31,95.682,"ramping",119.3906,0.599,43.1,72.0351,-12.514,1479.3,-32.1363,70.755,54.8,26.05,212.265,8.168,4130.7,4.16,221.4143,212.265,9.1493,-18.5152,2.7962,0,0.0,"ramp_limit",205.248,0,"demo_v2",605338760,"synthetic_generator"
"9.0",134.14,11356.4,540.35,91.3129,"ramping",120.3797,0.599,42.5,72.0354,-22.15,1479.9,-46.5083,66.318,54.9,26.06,198.954,8.169,3991.3,4.16,208.0114,198.954,9.0574,-23.3182,1.4724,0,-0.0,"ramp_limit",214.383,0,"demo_v2",605338760,"synthetic_generator"
"9.1",134.12,11372.3,540.29,80.0,"ramping",119.5443,0.599,42.8,72.0358,-29.514,1478.9,-48.1298,65.486,55.0,26.0,196.458,8.17,3963.6,4.16,205.5345,196.458,9.0765,-17.5881,0.6255,0,-0.0,"ramp_limit",219.782,0,"demo_v2",605338760,"synthetic_generator"
"9.2",134.1,11414.6,540.37,92.3478,"ramping",119.5639,0.599,43.0,72.0363,-34.938,1479.3,-48.6459,65.313,55.3,26.07,195.939,8.17,3956.4,4.19,205.018,195.939,9.079,-12.6828,-0.0375,0,0.0,"ramp_limit",210.305,0,"demo_v2",605338760,"synthetic_generator"
"9.3",134.08,11358.4,540.44,85.3848,"ramping",119.4954,0.599,43.6,72.0369,-38.797,1478.4,-48.5524,65.275,55.0,26.04,195.825,8.171,3966.7,4.14,205.023,195.825,9.198,-8.7303,-0.4625,0,0.0,"ramp_limit",213.965,0,"demo_v2",605338760,"synthetic_generator"
"9.4",134.1,11390.9,540.3,164.8437,"ramping",119.4154,0.599,43.0,72.0371,-20.642,1478.2,25.2476,89.599,54.9,26.07,268.797,8.174,4693.9,4.16,278.763,268.797,9.966,47.2834,1.7369,0,-0.0,"ramp_limit",215.788,1,"demo_v2",605338760,"synthetic_generator"
"9.5",134.12,11361.6,540.31,173.6519,"ramping",119.8585,0.6,43.0,72.0372,-3.822,1478.8,38.6966,94.17,55.5,26.08,282.51,8.178,4823.5,4.16,292.6751,282.51,10.1651,43.982,3.8256,0,-0.0,"ramp_limit",207.313,0,"demo_v2",605338760,"synthetic_generator"
"9.6",134.1,11356.1,540.41,108.0086,"ramping",119.0019,0.599,43.3,72.0374,-11.657,1481.4,-31.462,70.699,55.0,26.08,212.097,8.179,4124.5,4.14,221.6399,212.097,9.5429,-18.6968,2.7417,0,0.0,"ramp_limit",215.863,0,"demo_v2",605338760,"synthetic_generator"
"9.7",134.08,11371.2,540.31,85.6246,"ramping",120.476,0.599,42.4,72.0377,-21.466,1481.1,-46.2613,66.277,54.9,26.07,198.831,8.18,3984.8,4.13,208.2947,198.831,9.4637,-23.7538,1.4375,0,0.0,"ramp_limit",222.806,0,"demo_v2",605338760,"synthetic_generator"
"9.8",134.06,11430.3,540.38,92.4242,"ramping",119.4049,0.599,42.6,72.0381,-28.916,1477.0,-47.7462,65.444,55.3,26.06,196.332,8.18,3978.9,4.22,205.7187,196.332,9.3867,-17.8016,0.4723,0,-0.0,"ramp_limit",220.219,0,"demo_v2",605338760,"synthetic_generator"
"9.9",134.04,11383.1,540.33,81.4796,"ramping",120.5449,0.599,42.1,72.0385,-34.647,1479.1,-49.136,65.271,54.9,26.09,195.813,8.181,3967.7,4.06,205.4489,195.813,9.6359,-13.4617,-0.1498,0,-0.0,"ramp_limit",212.394,0,"demo_v2",605338760,"synthetic_generator"
"10.0",134.02,11364.3,540.41,83.1939,"ramping",120.634,0.599,42.6,72.0391,-38.827,1479.5,-49.3933,65.243,55.3,26.09,195.729,8.182,3953.6,4.16,205.2607,195.729,9.5317,-9.54,-0.6383,0,0.0,"ramp_limit",219.682,0,"demo_v2",605338760,"synthetic_generator"
"10.1",134.0,11375.9,540.37,80.2827,"ramping",119.6924,0.599,42.8,72.0396,-41.558,1480.4,-48.4613,65.24,54.9,26.06,195.72,8.182,3953.8,4.21,205.2311,195.72,9.5111,-5.8771,-0.8908,0,-0.0,"ramp_limit",220.25,0,"demo_v2",605338760,"synthetic_generator"
"10.2",134.02,11446.3,540.44,156.9183,"ramping",119.1207,0.599,43.3,72.04,-22.392,1479.7,26.0539,89.575,55.1,26.06,268.725,8.185,4682.6,4.09,279.1946,268.725,10.4696,49.8419,1.6246,0,-0.0,"ramp_limit",220.235,1,"demo_v2",605338760,"synthetic_generator"
"10.3",134.04,11388.7,540.34,176.0818,"ramping",120.231,0.599,43.0,72.04,-5.025,1479.8,38.8765,94.184,55.0,26.1,282.552,8.189,4822.9,4.15,293.1475,282.552,10.5955,45.3672,3.4402,0,-0.0,"ramp_limit",225.532,0,"demo_v2",605338760,"synthetic_generator"
"10.4",134.02,11355.4,540.42,103.8403,"ramping",119.4739,0.599,42.4,72.0402,-12.46,1480.4,-31.2548,70.739,55.2,26.11,212.217,8.19,4128.1,4.1,222.2391,212.217,10.0221,-17.6836,2.5891,0,0.0,"ramp_limit",229.575,0,"demo_v2",605338760,"synthetic_generator"
"10.5",134.0,11394.7,540.41,95.6672,"ramping",120.2451,0.599,43.0,72.0405,-21.849,1479.4,-45.5804,66.31,55.2,26.09,198.93,8.19,3989.6,4.24,208.6647,198.93,9.7347,-22.688,1.3502,0,0.0,"ramp_limit",221.394,0,"demo_v2",605338760,"synthetic_generator"
"10.6",133.98,11426.8,540.29,88.0739,"ramping",119.096,0.599,42.4,72.0409,-28.893,1480.3,-46.6976,65.494,55.0,26.1,196.482,8.191,3966.3,4.14,206.3784,196.482,9.8964,-16.7727,0.6233,0,0.0,"ramp_limit",229.896,0,"demo_v2",605338760,"synthetic_generator"
"10.7",133.96,11369.2,540.38,93.001,"ramping",119.4519,0.599,42.6,72.0414,-34.137,1479.9,-47.3936,65.335,55.0,26.03,196.005,8.192,3949.3,4.08,206.0183,196.005,10.0133,-12.2265,-0.0507,0,-0.0,"ramp_limit",220.283,0,"demo_v2",605338760,"synthetic_generator"
"10.8",133.94,11367.3,540.35,85.7324,"ramping",119.7253,0.599,42.7,72.0419,-37.999,1479.8,-47.7606,65.312,54.8,26.08,195.936,8.192,3961.2,4.15,205.9047,195.936,9.9687,-8.7321,-0.476,0,-0.0,"ramp_limit",224.222,0,"demo_v2",605338760,"synthetic_generator"
"10.9",133.92,11417.0,540.31,80.0,"ramping",119.5606,0.599,43.2,72.0425,-40.693,1481.4,-47.5038,65.319,55.2,26.09,195.957,8.193,3951.9,4.14,205.9768,195.957,10.0198,-5.7809,-0.6179,0,-0.0,"ramp_limit",226.704,0,"demo_v2",605338760,"synthetic_generator"
"11.0",133.94,11403.0,540.47,162.4836,"ramping",119.6147,0.599,42.3,72.0428,-21.713,1480.3,26.2638,89.653,55.2,26.09,268.959,8.196,4711.4,4.13,279.8185,268.959,10.8595,49.3759,1.6986,0,0.0,"ramp_limit",221.847,1,"demo_v2",605338760,"synthetic_generator"
"11.1",133.96,11430.6,540.45,170.0956,"ramping",119.6351,0.599,43.0,72.0428,-4.202,1479.7,40.0626,94.238,55.1,26.1,282.714,8.199,4830.0,4.2,293.6577,282.714,10.9437,45.7329,3.9036,0,-0.0,"ramp_limit",216.48,0,"demo_v2",605338760,"synthetic_generator"
"11.2",133.94,11401.1,540.36,105.7067,"ramping",120.2063,0.599,43.2,72.043,-11.934,1480.7,-31.4779,70.765,55.2,26.13,212.295,8.2,4136.1,4.15,222.6684,212.295,10.3734,-18.4306,2.7622,0,-0.0,"ramp_limit",218.834,0,"demo_v2",605338760,"synthetic_generator"
"11.3",133.92,11319.1,540.42,88.8669,"ramping",119.1716,0.599,43.2,72.0433,-20.915,1479.3,-43.6169,66.333,55.0,26.15,198.999,8.201,4005.0,4.03,209.4747,198.999,10.4757,-21.6545,1.3637,0,-0.0,"ramp_limit",221.766,0,"demo_v2",605338760,"synthetic_generator"
"11.4",133.9,11409.2,540.42,88.0079,"ramping",120.4792,0.599,43.4,72.0437,-28.507,1479.5,-47.6978,65.488,55.1,26.1,196.464,8.201,3963.5,4.2,206.6814,196.464,10.2174,-18.1574,0.7176,0,-0.0,"ramp_limit",218.633,0,"demo_v2",605338760,"synthetic_generator"
"11.5",133.88,11386.9,540.47,86.3912,"ramping",119.4564,0.599,42.9,72.0442,-33.718,1478.3,-46.8904,65.323,55.2,26.08,195.969,8.202,3977.1,4.07,206.446,195.969,10.477,-12.1401,-0.0147,0,0.0,"ramp_limit",219.132,0,"demo_v2",605338760,"synthetic_generator"
"11.6",133.86,11399.3,540.52,85.3328,"ramping",119.4634,0.599,42.7,72.0447,-37.529,1480.3,-47.1611,65.265,55.1,26.12,195.795,8.203,3947.4,4.15,206.1623,195.795,10.3673,-8.6013,-0.6825,0,0.0,"ramp_limit",210.205,0,"demo_v2",605338760,"synthetic_generator"
"11.7",133.88,11349.5,540.46,155.6185,"ramping",120.0376,0.599,43.0,72.0449,-19.519,1480.4,26.0049,89.593,54.8,26.14,268.779,8.205,4689.9,4.17,279.9225,268.779,11.1435,46.9235,1.9131,0,0.0,"ramp_limit",222.368,1,"demo_v2",605338760,"synthetic_generator"
"11.8",133.9,11396.3,540.36,178.2492,"ramping",119.7386,0.599,42.9,72.045,-2.546,1479.4,40.3577,94.215,55.4,26.12,282.645,8.209,4829.6,4.17,293.9963,282.645,11.3513,44.3737,3.9869,0,-0.0,"ramp_limit",235.186,0,"demo_v2",605338760,"synthetic_generator"
"11.9",133.88,11410.0,540.39,114.0618,"ramping",118.9504,0.599,42.9,72.0451,-10.286,1478.7,-29.8513,70.749,55.2,26.14,212.247,8.21,4129.4,4.15,222.9791,212.247,10.7321,-18.4504,2.9469,0,-0.0,"ramp_limit",223.135,0,"demo_v2",605338760,"synthetic_generator"
"12.0",133.86,11363.6,540.46,92.028,"ramping",119.7826,0.599,42.5,72.0454,-19.866,1481.2,-44.0816,66.3,55.1,26.12,198.9,8.21,3980.2,4.13,209.561,198.9,10.661,-23.1678,1.7905,0,0.0,"ramp_limit",216.004,0,"demo_v2",605338760,"synthetic_generator"
"12.1",133.84,11385.2,540.41,89.52,"ramping",119.5716,0.599,42.6,72.0458,-27.324,1479.8,-46.1753,65.466,54.6,26.13,196.398,8.211,3962.3,4.04,207.2363,196.398,10.8383,-17.8151,0.5847,0,0.0,"ramp_limit",225.136,0,"demo_v2",605338760,"synthetic_generator"
"12.2",133.82,11372.3,540.4,83.1891,"ramping",119.5843,0.599,42.9,72.0462,-32.83,1480.5,-46.7466,65.305,54.7,26.15,195.915,8.211,3954.9,4.12,206.6577,195.915,10.7427,-12.8833,0.0785,0,0.0,"ramp_limit",222.292,0,"demo_v2",605338760,"synthetic_generator"
"12.3",133.8,11353.9,540.38,88.0909,"ramping",119.5913,0.599,43.0,72.0467,-36.775,1480.0,-46.7467,65.276,54.8,26.1,195.828,8.212,3950.2,4.1,206.6446,195.828,10.8166,-8.9385,-0.5228,0,-0.0,"ramp_limit",224.332,0,"demo_v2",605338760,"synthetic_generator"
"12.4",133.82,11397.4,540.41,162.8298,"ramping",118.9746,0.599,43.0,72.047,-18.568,1479.5,27.4518,89.593,55.3,26.14,268.779,8.215,4684.7,4.19,280.2464,268.779,11.4674,47.421,1.992,0,-0.0,"ramp_limit",219.047,1,"demo_v2",605338760,"synthetic_generator"
"12.5",133.84,11458.9,540.53,176.154,"ramping",119.3596,0.599,43.1,72.047,-1.691,1478.6,40.9719,94.153,55.1,26.15,282.459,8.218,4829.7,4.17,294.1715,282.459,11.7125,44.1338,3.9804,0,-0.0,"ramp_limit",208.925,0,"demo_v2",605338760,"synthetic_generator"
"12.6",133.82,11354.9,540.51,111.0031,"ramping",119.601,0.599,43.2,72.0472,-9.769,1477.4,-30.189,70.691,55.1,26.17,212.073,8.219,4126.1,4.11,223.232,212.073,11.159,-19.3039,2.9175,0,-0.0,"ramp_limit",226.495,0,"demo_v2",605338760,"synthetic_generator"
"12.7",133.8,11356.4,540.4,86.2887,"ramping",118.7008,0.599,42.6,72.0474,-19.115,1479.9,-42.7383,66.269,55.1,26.14,198.807,8.22,3978.6,4.17,209.7625,198.807,10.9555,-22.5745,1.7157,0,0.0,"ramp_limit",229.172,0,"demo_v2",605338760,"synthetic_generator"
"12.8",133.78,11393.5,540.44,80.2402,"ramping",119.6472,0.599,43.3,72.0478,-26.747,1480.5,-46.0407,65.443,55.1,26.15,196.329,8.22,3968.0,4.13,207.3865,196.329,11.0575,-18.2568,0.716,0,-0.0,"ramp_limit",229.928,0,"demo_v2",605338760,"synthetic_generator"
"12.9",133.76,11340.8,540.52,99.869,"ramping",119.3378,0.599,42.7,72.0483,-32.267,1479.3,-46.2197,65.281,54.9,26.13,195.843,8.22,3969.3,4.17,206.8781,195.843,11.0351,-12.9183,-0.0607,0,0.0,"ramp_limit",223.283,0,"demo_v2",605338760,"synthetic_generator"
"13.0",133.74,11374.4,540.51,87.7924,"ramping",119.5412,0.599,43.0,72.0488,-36.275,1478.7,-46.4064,65.238,55.1,26.15,195.714,8.221,3964.4,4.12,206.8748,195.714,11.1608,-9.097,-0.5404,0,0.0,"ramp_limit",219.576,0,"demo_v2",605338760,"synthetic_generator"
"13.1",133.72,11390.0,540.53,88.5779,"ramping",119.5506,0.599,42.7,72.0493,-39.165,1477.9,-46.4703,65.238,54.9,26.16,195.714,8.221,3966.1,4.19,206.8003,195.714,11.0863,-6.2713,-0.7463,0,0.0,"ramp_limit",228.425,0,"demo_v2",605338760,"synthetic_generator"
"13.2",133.74,11351.8,540.55,161.0666,"ramping",119.4166,0.599,43.2,72.0496,-20.243,1480.7,27.5873,89.587,55.3,26.12,268.761,8.224,4695.0,4.13,280.7439,268.761,11.9829,49.234,1.6854,0,-0.0,"ramp_limit",232.799,1,"demo_v2",605338760,"synthetic_generator"
"13.3",133.76,11385.6,540.56,172.4251,"ramping",119.8648,0.599,43.2,72.0496,-2.821,1481.0,41.2153,94.21,54.6,26.16,282.63,8.227,4836.5,4.12,294.8401,282.63,12.2101,45.5105,3.7944,0,0.0,"ramp_limit",238.544,0,"demo_v2",605338760,"synthetic_generator"
"13.4",133.74,11341.4,540.51,105.8916,"ramping",120.1385,0.599,43.2,72.0498,-10.567,1479.9,-30.1454,70.747,55.1,26.17,212.241,8.228,4123.1,4.15,223.7331,212.241,11.4921,-18.4598,2.6948,0,-0.0,"ramp_limit",227.855,0,"demo_v2",605338760,"synthetic_generator"
"13.5",133.72,11354.3,540.43,86.7398,"ramping",120.0508,0.599,42.8,72.05,-19.849,1480.5,-43.3103,66.328,55.0,26.16,198.984,8.229,3972.1,4.1,210.4605,198.984,11.4765,-22.409,1.3495,0,0.0,"ramp_limit",232.127,0,"demo_v2",605338760,"synthetic_generator"
"13.6",133.7,11381.1,540.55,85.4171,"ramping",119.2885,0.599,43.0,72.0504,-27.022,1481.5,-45.154,65.491,54.8,26.14,196.473,8.229,3956.7,4.18,207.8345,196.473,11.3615,-17.0928,0.6222,0,-0.0,"ramp_limit",226.875,0,"demo_v2",605338760,"synthetic_generator"
"13.7",133.68,11406.4,540.48,85.8305,"ramping",120.0398,0.599,43.0,72.0509,-32.427,1481.6,-46.0883,65.347,55.1,26.15,196.041,8.23,3959.2,4.08,207.6315,196.041,11.5905,-12.6232,0.0379,0,0.0,"ramp_limit",233.427,0,"demo_v2",605338760,"synthetic_generator"
"13.8",133.66,11388.6,540.51,88.4261,"ramping",119.9099,0.6,42.9,72.0514,-36.311,1477.9,-46.1289,65.297,55.0,26.18,195.891,8.23,3966.8,4.13,207.441,195.891,11.55,-8.7807,-0.455,0,0.0,"ramp_limit",218.462,0,"demo_v2",605338760,"synthetic_generator"
"13.9",133.64,11376.8,540.58,93.7057,"ramping",118.8087,0.599,43.3,72.0519,-38.753,1479.5,-44.9259,65.304,54.8,26.14,195.912,8.23,3983.4,4.13,207.5228,195.912,11.6108,-5.1353,-0.6956,0,-0.0,"ramp_limit",232.926,0,"demo_v2",605338760,"synthetic_generator"
"14.0",133.66,11403.7,540.48,159.3857,"ramping",119.3908,0.6,42.6,72.0522,-19.825,1480.7,28.0185,89.62,55.2,26.16,268.86,8.233,4699.9,4.23,281.0693,268.86,12.2093,49.2489,1.5645,0,-0.0,"ramp_limit",219.929,1,"demo_v2",605338760,"synthetic_generator"
"14.1",133.68,11404.7,540.47,173.6496,"ramping",120.0864,0.6,42.5,72.0522,-2.434,1479.1,41.5281,94.228,55.1,26.17,282.684,8.236,4814.0,4.11,295.2945,282.684,12.6105,45.4386,3.9754,0,-0.0,"ramp_limit",233.501,0,"demo_v2",605338760,"synthetic_generator"
"14.2",133.66,11384.1,540.48,106.9443,"ramping",120.3195,0.6,42.9,72.0524,-10.244,1481.1,-29.9852,70.754,55.0,26.19,212.262,8.237,4127.7,4.24,223.9943,212.262,11.7323,-18.6212,2.6415,0,-0.0,"ramp_limit",224.531,0,"demo_v2",605338760,"synthetic_generator"
"14.3",133.64,11380.7,540.54,94.0398,"ramping",119.7886,0.6,42.8,72.0526,-19.433,1479.7,-42.66,66.32,54.7,26.2,198.96,8.238,3994.4,4.15,210.7686,198.96,11.8086,-22.1732,1.4678,0,0.0,"ramp_limit",227.28,0,"demo_v2",605338760,"synthetic_generator"
"14.4",133.62,11418.6,540.42,82.94,"ramping",119.1513,0.6,43.2,72.053,-26.554,1479.0,-44.5545,65.463,55.4,26.2,196.389,8.238,3969.8,4.15,208.2168,196.389,11.8278,-16.9594,0.797,0,0.0,"ramp_limit",219.424,0,"demo_v2",605338760,"synthetic_generator"
"14.5",133.6,11333.8,540.45,86.2346,"ramping",119.8242,0.6,43.3,72.0534,-31.966,1482.3,-45.645,65.299,55.2,26.17,195.897,8.239,3961.4,4.14,207.7792,195.897,11.8822,-12.6401,0.1519,0,-0.0,"ramp_limit",226.188,0,"demo_v2",605338760,"synthetic_generator"
"14.6",133.58,11339.0,540.55,84.989,"ramping",120.3347,0.6,43.0,72.0539,-36.052,1479.6,-46.3805,65.269,55.0,26.16,195.807,8.239,3950.5,4.24,207.5342,195.807,11.7272,-9.2908,-0.4715,0,0.0,"ramp_limit",228.519,0,"demo_v2",605338760,"synthetic_generator"
"14.7",133.6,11389.2,540.43,166.4214,"ramping",121.2837,0.6,43.0,72.0542,-18.254,1481.2,26.7344,89.578,55.1,26.18,268.734,8.242,4677.9,4.05,281.6181,268.734,12.8841,46.3965,1.797,0,0.0,"ramp_limit",220.362,1,"demo_v2",605338760,"synthetic_generator"
"14.8",133.62,11363.9,540.51,170.4319,"ramping",119.079,0.6,42.7,72.0542,-0.907,1478.8,42.9406,94.18,55.1,26.22,282.54,8.245,4825.1,4.05,295.6396,282.54,13.0996,45.3258,4.0312,0,-0.0,"ramp_limit",232.395,0,"demo_v2",605338760,"synthetic_generator"
"14.9",133.6,11382.2,540.54,108.8426,"ramping",120.3887,0.6,43.1,72.0543,-9.012,1479.9,-29.4988,70.705,55.0,26.18,212.115,8.246,4132.8,4.09,224.4899,212.115,12.3749,-19.3643,2.874,0,-0.0,"ramp_limit",225.592,0,"demo_v2",605338760,"synthetic_generator"
"15.0",133.58,11371.7,540.56,89.8165,"ramping",119.5026,0.6,43.2,72.0546,-18.437,1481.6,-42.2592,66.254,55.0,26.2,198.762,8.246,3991.5,4.2,210.8234,198.762,12.0614,-22.7681,1.546,0,0.0,"ramp_limit",221.169,0,"demo_v2",605338760,"synthetic_generator"
"15.1",133.56,11357.7,540.57,93.64,"ramping",120.2245,0.6,42.8,72.055,-26.099,1480.2,-45.4689,65.413,55.6,26.22,196.239,8.246,3944.4,4.19,208.3156,196.239,12.0766,-18.3283,0.5327,0,-0.0,"ramp_limit",227.768,0,"demo_v2",605338760,"synthetic_generator"
"15.2",133.54,11365.3,540.53,87.918,"ramping",120.9728,0.6,42.6,72.0554,-31.837,1479.1,-46.3401,65.273,55.1,26.19,195.819,8.247,3958.3,4.08,208.1727,195.819,12.3537,-13.4622,-0.0346,0,-0.0,"ramp_limit",238.228,0,"demo_v2",605338760,"synthetic_generator"
"15.3",133.52,11384.9,540.56,85.1176,"ramping",120.4109,0.6,42.6,72.0559,-35.764,1478.8,-45.691,65.262,55.0,26.16,195.786,8.247,3952.0,4.05,208.2399,195.786,12.4539,-8.8858,-0.3705,0,-0.0,"ramp_limit",238.386,0,"demo_v2",605338760,"synthetic_generator"
"15.4",133.54,11368.4,540.56,162.6209,"ramping",119.4386,0.6,43.3,72.0561,-17.431,1479.3,28.9115,89.612,55.2,26.21,268.836,8.25,4674.1,4.14,281.8901,268.836,13.0541,47.7519,1.7003,0,-0.0,"ramp_limit",240.457,1,"demo_v2",605338760,"synthetic_generator"
"15.5",133.56,11411.0,540.44,181.5391,"ramping",118.649,0.6,42.5,72.0561,-0.119,1479.3,43.6388,94.2,55.1,26.21,282.6,8.253,4821.7,4.15,295.8478,282.6,13.2478,45.2371,4.0325,0,0.0,"ramp_limit",227.58,0,"demo_v2",605338760,"synthetic_generator"
"15.6",133.54,11384.2,540.52,108.389,"ramping",119.1208,0.6,43.3,72.0562,-7.951,1480.5,-27.7489,70.731,55.3,26.22,212.193,8.254,4121.0,4.09,224.9119,212.193,12.7189,-18.6734,2.7611,0,-0.0,"ramp_limit",229.879,0,"demo_v2",605338760,"synthetic_generator"
"15.7",133.52,11373.5,540.57,92.7752,"ramping",120.1494,0.6,43.1,72.0565,-17.665,1478.8,-42.2172,66.308,55.0,26.21,198.924,8.254,3990.3,4.14,211.4522,198.924,12.5282,-23.4949,1.5727,0,-0.0,"ramp_limit",235.026,0,"demo_v2",605338760,"synthetic_generator"
"15.8",133.5,11356.8,540.61,89.4454,"ramping",120.4946,0.6,43.1,72.0568,-25.39,1480.6,-44.9181,65.467,55.2,26.23,196.401,8.254,3968.2,4.08,209.0765,196.401,12.6755,-18.4827,0.6499,0,0.0,"ramp_limit",229.79,0,"demo_v2",605338760,"synthetic_generator"
"15.9",133.48,11436.2,540.57,87.9779,"ramping",120.1932,0.6,43.4,72.0573,-31.0,1479.6,-45.1786,65.322,55.0,26.16,195.966,8.255,3966.5,4.17,208.4946,195.966,12.5286,-13.1361,-0.1382,0,-0.0,"ramp_limit",237.077,0,"demo_v2",605338760,"synthetic_generator"
"16.0",133.46,11415.5,540.6,89.221,"ramping",120.1506,0.6,42.9,72.0578,-34.964,1476.7,-44.9853,65.296,55.0,26.21,195.888,8.255,3964.2,4.09,208.6253,195.888,12.7373,-8.9782,-0.5301,0,-0.0,"ramp_limit",233.557,0,"demo_v2",605338760,"synthetic_generator"
"16.1",133.44,11343.7,540.63,94.9577,"ramping",120.0944,0.6,42.9,72.0583,-37.831,1478.9,-45.0791,65.276,55.2,26.19,195.828,8.255,3959.1,4.16,208.4553,195.828,12.6273,-6.2059,-0.6928,0,0.0,"ramp_limit",225.581,0,"demo_v2",605338760,"synthetic_generator"
"16.2",133.46,11363.6,540.58,161.8507,"ramping",120.0819,0.6,43.1,72.0586,-18.948,1478.7,28.7843,89.609,55.5,26.22,268.827,8.258,4705.5,4.13,282.3262,268.827,13.4992,49.144,1.7799,0,-0.0,"ramp_limit",232.062,1,"demo_v2",605338760,"synthetic_generator"
"16.3",133.48,11386.0,540.52,171.6577,"ramping",120.1122,0.6,42.8,72.0586,-1.475,1478.4,42.6933,94.179,55.0,26.2,282.537,8.261,4823.7,4.1,296.2855,282.537,13.7485,45.6497,3.8349,0,0.0,"ramp_limit",220.727,0,"demo_v2",605338760,"synthetic_generator"
"16.4",133.46,11412.6,540.51,108.4926,"ramping",119.6322,0.6,42.9,72.0587,-8.918,1480.3,-27.7332,70.704,55.3,26.21,212.112,8.262,4141.5,4.04,225.359,212.112,13.247,-17.6884,2.7425,0,-0.0,"ramp_limit",228.699,0,"demo_v2",605338760,"synthetic_generator"
"16.5",133.44,11385.9,540.53,90.942,"ramping",120.6027,0.6,42.6,72.0589,-18.353,1481.2,-42.2029,66.27,55.0,26.26,198.81,8.262,3991.6,4.09,211.8398,198.81,13.0298,-22.7907,1.422,0,0.0,"ramp_limit",231.819,0,"demo_v2",605338760,"synthetic_generator"
"16.6",133.42,11381.1,540.53,85.8229,"ramping",119.9617,0.6,43.4,72.0593,-25.675,1479.1,-44.1811,65.425,55.1,26.17,196.275,8.262,3975.4,4.15,209.2006,196.275,12.9256,-17.4601,0.7217,0,0.0,"ramp_limit",229.128,0,"demo_v2",605338760,"synthetic_generator"
"16.7",133.4,11386.6,540.59,86.5079,"ramping",119.7798,0.6,42.8,72.0597,-30.971,1480.8,-44.3581,65.295,55.1,26.24,195.885,8.262,3965.7,4.16,208.8217,195.885,12.9367,-12.3429,0.0273,0,0.0,"ramp_limit",245.631,0,"demo_v2",605338760,"synthetic_generator"
"16.8",133.38,11396.9,540.58,93.1265,"ramping",119.5972,0.6,42.5,72.0602,-34.728,1478.9,-44.2242,65.248,55.0,26.22,195.744,8.263,3952.1,4.14,208.753,195.744,13.009,-8.4525,-0.5406,0,-0.0,"ramp_limit",225.763,0,"demo_v2",605338760,"synthetic_generator"
"16.9",133.36,11368.7,540.61,88.7324,"ramping",119.8421,0.6,42.6,72.0607,-37.446,1481.1,-44.317,65.233,55.0,26.22,195.699,8.263,3975.5,4.09,208.8851,195.699,13.1861,-5.8266,-0.6607,0,0.0,"ramp_limit",229.008,0,"demo_v2",605338760,"synthetic_generator"
"17.0",133.38,11387.9,540.62,157.8645,"ramping",120.2532,0.6,43.6,72.061,-18.613,1479.9,28.9927,89.567,55.0,26.27,268.701,8.265,4696.7,4.11,282.6259,268.701,13.9249,49.0188,1.6482,0,0.0,"ramp_limit",234.242,1,"demo_v2",605338760,"synthetic_generator"
"17.1",133.4,11350.7,540.54,175.0979,"ramping",119.7348,0.6,43.3,72.061,-1.012,1479.6,43.4793,94.173,55.1,26.23,282.519,8.269,4823.4,4.12,296.6141,282.519,14.0951,45.9744,3.7867,0,0.0,"ramp_limit",238.643,0,"demo_v2",605338760,"synthetic_generator"
"17.2",133.38,11397.2,540.66,113.9513,"ramping",120.0136,0.6,42.9,72.0611,-8.552,1480.0,-27.6124,70.723,55.3,26.24,212.169,8.269,4109.1,4.04,225.7812,212.169,13.6122,-17.9315,2.9075,0,-0.0,"ramp_limit",241.228,0,"demo_v2",605338760,"synthetic_generator"
"17.3",133.36,11423.1,540.58,82.6828,"ramping",119.6238,0.6,42.6,72.0614,-17.743,1480.9,-40.9764,66.266,54.8,26.21,198.798,8.27,3982.0,4.18,212.0074,198.798,13.2094,-22.1733,1.5336,0,-0.0,"ramp_limit",223.081,0,"demo_v2",605338760,"synthetic_generator"
"17.4",133.34,11418.8,540.57,88.6851,"ramping",119.7505,0.6,42.5,72.0617,-25.018,1479.5,-43.4077,65.423,54.9,26.22,196.269,8.27,3963.6,4.1,209.6828,196.269,13.4138,-17.3413,0.7664,0,0.0,"ramp_limit",231.806,0,"demo_v2",605338760,"synthetic_generator"
"17.5",133.32,11406.8,540.65,96.5786,"ramping",119.3628,0.6,42.9,72.0621,-30.237,1478.5,-43.4281,65.272,55.1,26.22,195.816,8.27,3969.1,4.11,209.2547,195.816,13.4387,-12.1448,-0.1005,0,-0.0,"ramp_limit",237.516,0,"demo_v2",605338760,"synthetic_generator"
"17.6",133.3,11380.2,540.67,100.3853,"ramping",120.1927,0.6,43.0,72.0626,-34.19,1479.2,-44.1818,65.234,55.3,26.23,195.702,8.27,3956.0,4.05,209.3109,195.702,13.6089,-8.9452,-0.4137,0,0.0,"ramp_limit",231.364,0,"demo_v2",605338760,"synthetic_generator"
"17.7",133.28,11388.2,540.62,80.0,"ramping",120.778,0.6,42.7,72.0631,-37.255,1481.9,-45.003,65.218,55.1,26.22,195.654,8.27,3961.5,4.16,209.055,195.654,13.401,-6.7028,-0.79,0,0.0,"ramp_limit",230.471,0,"demo_v2",605338760,"synthetic_generator"
"17.8",133.3,11415.8,540.66,164.1063,"ramping",120.3811,0.6,42.6,72.0634,-18.406,1478.7,29.2407,89.549,55.4,26.23,268.647,8.273,4681.9,4.12,282.9218,268.647,14.2748,49.0613,1.7718,0,-0.0,"ramp_limit",234.144,1,"demo_v2",605338760,"synthetic_generator"
"17.9",133.32,11406.5,540.51,186.4275,"ramping",119.445,0.6,43.2,72.0634,-0.673,1481.5,44.1486,94.157,55.1,26.26,282.471,8.276,4830.8,4.14,296.9136,282.471,14.4426,46.3061,3.8447,0,-0.0,"ramp_limit",240.735,0,"demo_v2",605338760,"synthetic_generator"
"18.0",133.3,11364.1,540.64,113.5106,"ramping",120.3977,0.6,42.5,72.0635,-8.335,1480.0,-27.7018,70.675,55.2,26.26,212.025,8.277,4122.6,4.06,225.9959,212.025,13.9709,-18.2369,2.8362,0,0.0,"ramp_limit",228.455,0,"demo_v2",605338760,"synthetic_generator"
"18.1",133.28,11327.4,540.76,88.4475,"ramping",120.4896,0.6,42.7,72.0638,-17.742,1479.6,-41.5205,66.235,55.4,26.27,198.705,8.277,3982.1,4.2,212.2491,198.705,13.5441,-22.7173,1.5675,0,-0.0,"ramp_limit",232.478,0,"demo_v2",605338760,"synthetic_generator"
"18.2",133.26,11333.3,540.64,97.9061,"ramping",119.7401,0.6,42.9,72.0641,-24.887,1480.1,-42.9487,65.402,55.1,26.22,196.206,8.277,3959.7,4.08,210.0514,196.206,13.8454,-17.0115,0.7133,0,-0.0,"ramp_limit",237.363,0,"demo_v2",605338760,"synthetic_generator"
"18.3",133.24,11383.6,540.56,85.173,"ramping",119.9669,0.6,43.3,72.0645,-30.228,1479.6,-43.7274,65.25,54.9,26.24,195.75,8.277,3969.0,4.15,209.4795,195.75,13.7295,-12.452,-0.0022,0,-0.0,"ramp_limit",239.219,0,"demo_v2",605338760,"synthetic_generator"
"18.4",133.22,11356.0,540.58,92.3815,"ramping",118.6859,0.6,43.1,72.065,-33.636,1480.1,-42.2509,65.214,55.1,26.26,195.642,8.277,3969.0,4.05,209.655,195.642,14.013,-7.5666,-0.2473,0,-0.0,"ramp_limit",233.488,0,"demo_v2",605338760,"synthetic_generator"
"18.5",133.24,11354.4,540.63,158.9867,"ramping",119.4691,0.6,42.9,72.0652,-15.474,1480.5,30.436,89.543,55.0,26.25,268.629,8.28,4676.8,4.16,283.1451,268.629,14.5161,47.3257,1.8639,0,-0.0,"ramp_limit",237.035,1,"demo_v2",605338760,"synthetic_generator"
"18.6",133.26,11397.6,540.57,186.8089,"ramping",120.0418,0.6,43.2,72.0652,1.33,1480.9,43.8035,94.13,54.8,26.23,282.39,8.283,4811.5,4.16,297.1053,282.39,14.7153,43.959,3.934,0,0.0,"ramp_limit",232.887,0,"demo_v2",605338760,"synthetic_generator"
"18.7",133.24,11361.8,540.63,108.5304,"ramping",120.4902,0.6,43.0,72.0653,-6.866,1478.8,-27.5837,70.662,55.2,26.27,211.986,8.283,4114.6,4.12,226.1465,211.986,14.1605,-19.5869,2.8335,0,-0.0,"ramp_limit",236.292,0,"demo_v2",605338760,"synthetic_generator"
"18.8",133.22,11406.7,540.59,95.8282,"ramping",119.7958,0.6,43.4,72.0655,-16.267,1478.8,-40.0297,66.253,55.2,26.26,198.759,8.284,3989.7,4.06,212.9861,198.759,14.2271,-22.6977,1.8355,0,-0.0,"ramp_limit",247.756,0,"demo_v2",605338760,"synthetic_generator"
"18.9",133.2,11379.3,540.58,91.8087,"ramping",120.2378,0.6,43.0,72.0658,-23.936,1480.6,-43.3192,65.401,55.2,26.25,196.203,8.284,3954.8,4.19,210.1186,196.203,13.9156,-18.3326,0.684,0,-0.0,"ramp_limit",230.629,0,"demo_v2",605338760,"synthetic_generator"
"19.0",133.18,11384.6,540.64,100.6556,"ramping",119.9259,0.6,43.5,72.0663,-29.354,1480.7,-43.0495,65.249,55.2,26.27,195.747,8.284,3962.0,4.05,210.0564,195.747,14.3094,-12.6453,0.0547,0,-0.0,"ramp_limit",240.018,0,"demo_v2",605338760,"synthetic_generator"
"19.1",133.16,11353.6,540.7,87.5523,"ramping",120.7969,0.6,42.8,72.0667,-33.473,1480.5,-43.8853,65.213,55.1,26.29,195.639,8.284,3965.6,4.02,210.0716,195.639,14.4326,-9.3619,-0.6195,0,0.0,"ramp_limit",234.994,0,"demo_v2",605338760,"synthetic_generator"
"19.2",133.14,11389.4,540.5,87.9422,"ramping",119.4503,0.6,42.8,72.0672,-36.152,1479.4,-42.9238,65.2,54.8,26.32,195.6,8.284,3959.3,4.18,209.6665,195.6,14.0665,-5.7235,-0.6594,0,-0.0,"ramp_limit",234.857,0,"demo_v2",605338760,"synthetic_generator"
"19.3",133.16,11383.3,540.54,168.4137,"ramping",120.5189,0.6,42.7,72.0675,-17.408,1479.2,29.9716,89.552,55.1,26.27,268.656,8.287,4679.1,4.12,283.6505,268.656,14.9945,48.7978,1.5883,0,0.0,"ramp_limit",246.624,1,"demo_v2",605338760,"synthetic_generator"
"19.4",133.18,11359.0,540.66,189.6603,"ramping",119.5902,0.6,43.6,72.0675,0.257,1479.9,44.9082,94.134,55.3,26.26,282.402,8.29,4820.2,4.09,297.6784,282.402,15.2764,46.1396,3.9243,0,-0.0,"ramp_limit",231.882,0,"demo_v2",605338760,"synthetic_generator"
"19.5",133.16,11388.0,540.62,104.2411,"ramping",120.0372,0.6,42.9,72.0676,-7.369,1481.5,-26.644,70.669,55.0,26.25,212.007,8.29,4120.5,4.12,226.5532,212.007,14.5462,-18.1423,2.7644,0,0.0,"ramp_limit",239.023,0,"demo_v2",605338760,"synthetic_generator"
"19.6",133.14,11411.8,540.67,89.9272,"ramping",119.9865,0.6,43.0,72.0678,-16.596,1479.1,-39.9188,66.265,55.3,26.24,198.795,8.29,3995.6,4.14,213.2077,198.795,14.4127,-22.2568,1.7037,0,-0.0,"ramp_limit",251.639,0,"demo_v2",605338760,"synthetic_generator"
"19.7",133.12,11388.1,540.63,96.7357,"ramping",119.4347,0.6,43.3,72.0681,-23.702,1478.2,-41.6631,65.433,54.7,26.3,196.299,8.29,3980.6,4.08,210.8916,196.299,14.5926,-16.9066,0.808,0,-0.0,"ramp_limit",240.974,0,"demo_v2",605338760,"synthetic_generator"
"19.8",133.1,11363.9,540.67,91.7909,"ramping",120.4619,0.6,42.8,72.0685,-29.235,1479.4,-43.2206,65.279,54.6,26.27,195.837,8.291,3979.8,4.13,210.3413,195.837,14.5043,-12.9339,-0.0238,0,-0.0,"ramp_limit",241.276,0,"demo_v2",605338760,"synthetic_generator"
"19.9",133.08,11317.5,540.72,88.1541,"ramping",120.7979,0.6,42.9,72.069,-33.255,1479.4,-43.4171,65.268,55.3,26.26,195.804,8.291,3935.5,4.07,210.4608,195.804,14.6568,-9.1098,-0.5329,0,-0.0,"ramp_limit",247.77,0,"demo_v2",605338760,"synthetic_generator"
"20.0",133.06,11393.9,540.64,83.5665,"ramping",119.7057,0.6,43.1,72.0695,-35.813,1478.6,-42.2789,65.272,55.2,26.26,195.816,8.291,3960.7,4.09,210.4868,195.816,14.6708,-5.4134,-0.7306,0,-0.0,"ramp_limit",244.015,0,"demo_v2",605338760,"synthetic_generator"
"20.1",133.08,11355.0,540.59,172.9837,"ramping",120.3391,0.6,43.0,72.0697,-16.932,1477.8,30.7937,89.583,55.1,26.28,268.749,8.293,4692.6,4.09,284.2128,268.749,15.4638,49.1468,1.6892,0,0.0,"ramp_limit",229.882,1,"demo_v2",605338760,"synthetic_generator"
"20.2",133.1,11375.5,540.71,179.7714,"ramping",120.2096,0.6,42.8,72.0697,0.607,1479.8,44.9421,94.176,55.1,26.3,282.528,8.296,4834.5,4.07,298.2517,282.528,15.7237,45.8264,3.7278,0,-0.0,"ramp_limit",238.736,0,"demo_v2",605338760,"synthetic_generator"
"20.3",133.08,11346.0,540.63,107.4299,"ramping",119.5311,0.6,42.9,72.0698,-6.821,1480.1,-25.5976,70.707,55.1,26.31,212.121,8.297,4116.4,4.13,227.0135,212.121,14.8925,-17.6415,2.8351,0,-0.0,"ramp_limit",238.935,0,"demo_v2",605338760,"synthetic_generator"
"20.4",133.06,11351.5,540.72,90.7752,"ramping",119.9419,0.6,43.3,72.07,-16.026,1479.7,-39.2953,66.3,55.4,26.27,198.9,8.297,3988.9,4.13,213.7066,198.9,14.8066,-22.2008,1.5101,0,0.0,"ramp_limit",251.716,0,"demo_v2",605338760,"synthetic_generator"
"20.5",133.04,11392.2,540.66,99.5743,"ramping",120.0942,0.6,43.2,72.0704,-23.328,1481.5,-41.7857,65.468,55.4,26.26,196.404,8.297,3953.0,4.08,211.3485,196.404,14.9445,-17.4009,0.7942,0,0.0,"ramp_limit",242.983,0,"demo_v2",605338760,"synthetic_generator"
"20.6",133.02,11339.5,540.7,88.3545,"ramping",118.6447,0.6,43.1,72.0707,-28.322,1481.0,-40.9431,65.297,55.0,26.26,195.891,8.297,3957.9,4.14,210.7216,195.891,14.8306,-11.5675,0.1395,0,0.0,"ramp_limit",234.942,0,"demo_v2",605338760,"synthetic_generator"
"20.7",133.0,11408.9,540.72,95.5443,"ramping",120.8548,0.6,42.6,72.0712,-32.527,1481.2,-43.1559,65.276,55.1,26.3,195.828,8.297,3957.7,4.14,210.6989,195.828,14.8709,-9.5754,-0.231,0,0.0,"ramp_limit",245.064,0,"demo_v2",605338760,"synthetic_generator"
"20.8",132.98,11431.1,540.65,89.1715,"ramping",120.3919,0.6,43.1,72.0717,-35.384,1479.9,-42.6055,65.274,55.0,26.27,195.822,8.297,3964.3,4.13,210.7664,195.822,14.9444,-6.1676,-0.762,0,-0.0,"ramp_limit",243.088,0,"demo_v2",605338760,"synthetic_generator"
"20.9",133.0,11362.1,540.75,161.686,"ramping",120.268,0.6,43.1,72.0719,-16.457,1479.4,31.3856,89.605,54.9,26.25,268.815,8.3,4690.4,4.09,284.6536,268.815,15.8386,49.2659,1.5591,0,-0.0,"ramp_limit",240.429,1,"demo_v2",605338760,"synthetic_generator"
"21.0",133.02,11397.2,540.7,182.6139,"ramping",119.1206,0.6,42.5,72.0719,1.36,1480.9,46.3963,94.188,55.3,26.32,282.564,8.302,4842.0,4.12,298.5369,282.564,15.9729,46.529,4.0313,0,-0.0,"ramp_limit",235.866,0,"demo_v2",605338760,"synthetic_generator"
"21.1",133.0,11383.1,540.61,113.4245,"ramping",120.2286,0.6,42.5,72.072,-6.291,1478.7,-25.6325,70.73,55.3,26.29,212.19,8.303,4148.4,4.09,227.5961,212.19,15.4061,-18.2035,2.8591,0,0.0,"ramp_limit",245.274,0,"demo_v2",605338760,"synthetic_generator"
"21.2",132.98,11372.0,540.73,95.6637,"ramping",120.1932,0.6,43.3,72.0722,-15.558,1479.8,-38.9824,66.303,55.1,26.26,198.909,8.303,3982.6,4.09,214.1908,198.909,15.2818,-22.3535,1.446,0,0.0,"ramp_limit",244.373,0,"demo_v2",605338760,"synthetic_generator"
"21.3",132.96,11367.3,540.65,94.2725,"ramping",119.8833,0.6,43.0,72.0725,-22.739,1481.3,-40.8901,65.49,55.2,26.32,196.47,8.303,3974.4,4.03,211.9532,196.47,15.4832,-17.0913,0.6728,0,-0.0,"ramp_limit",252.913,0,"demo_v2",605338760,"synthetic_generator"
"21.4",132.94,11422.3,540.73,85.5047,"ramping",119.6172,0.6,42.8,72.0729,-27.98,1479.1,-41.2261,65.314,55.2,26.29,195.942,8.303,3952.6,4.07,211.3311,195.942,15.3891,-12.1894,0.0213,0,-0.0,"ramp_limit",234.149,0,"demo_v2",605338760,"synthetic_generator"
"21.5",132.92,11419.5,540.71,93.3349,"ramping",119.5669,0.599,43.3,72.0733,-31.702,1480.7,-41.1105,65.264,55.5,26.27,195.792,8.303,3964.4,4.02,211.3764,195.792,15.5844,-8.3516,-0.229,0,0.0,"ramp_limit",233.664,0,"demo_v2",605338760,"synthetic_generator"
"21.6",132.9,11388.5,540.7,92.1916,"ramping",119.4181,0.599,43.3,72.0738,-34.421,1479.7,-41.2935,65.266,55.2,26.28,195.798,8.303,3957.9,4.16,211.0246,195.798,15.2266,-5.8173,-0.5736,0,0.0,"ramp_limit",246.348,0,"demo_v2",605338760,"synthetic_generator"
"21.7",132.92,11359.1,540.7,161.6842,"ramping",118.8361,0.599,43.0,72.074,-15.312,1481.1,32.9893,89.612,55.0,26.31,268.836,8.306,4689.3,4.2,284.7454,268.836,15.9094,49.725,1.7969,0,-0.0,"ramp_limit",248.927,1,"demo_v2",605338760,"synthetic_generator"
"21.8",132.94,11349.4,540.68,169.9612,"ramping",119.2775,0.599,42.9,72.074,2.28,1480.3,46.7493,94.219,55.2,26.3,282.657,8.309,4836.2,4.13,298.9668,282.657,16.3098,45.9641,4.0352,0,-0.0,"ramp_limit",247.866,0,"demo_v2",605338760,"synthetic_generator"
"21.9",132.92,11385.5,540.77,110.0257,"ramping",119.6404,0.599,43.2,72.0741,-5.292,1478.7,-24.4341,70.757,55.3,26.29,212.271,8.309,4138.8,4.06,228.1263,212.271,15.8553,-18.0014,2.8128,0,-0.0,"ramp_limit",245.168,0,"demo_v2",605338760,"synthetic_generator"
"22.0",132.9,11421.5,540.72,100.1516,"ramping",119.3711,0.599,42.5,72.0743,-14.448,1479.8,-37.5907,66.32,55.4,26.3,198.96,8.309,3991.4,4.07,214.6804,198.96,15.7204,-22.0693,1.7502,0,-0.0,"ramp_limit",241.724,0,"demo_v2",605338760,"synthetic_generator"
"22.1",132.88,11375.0,540.74,89.8774,"ramping",119.7789,0.599,42.4,72.0746,-21.876,1479.8,-40.651,65.476,55.1,26.28,196.428,8.309,3953.1,4.12,212.0079,196.428,15.5799,-17.715,0.7847,0,0.0,"ramp_limit",240.417,0,"demo_v2",605338760,"synthetic_generator"
"22.2",132.86,11323.3,540.68,93.5448,"ramping",119.1154,0.599,43.4,72.075,-27.145,1480.6,-40.4646,65.329,55.0,26.28,195.987,8.309,3969.3,4.16,211.5108,195.987,15.5238,-12.262,0.0996,0,0.0,"ramp_limit",249.134,0,"demo_v2",605338760,"synthetic_generator"
"22.3",132.84,11399.9,540.67,87.5171,"ramping",119.3643,0.599,42.5,72.0754,-30.938,1479.8,-40.5253,65.316,55.2,26.33,195.948,8.309,3967.3,4.1,211.679,195.948,15.731,-8.529,-0.2315,0,0.0,"ramp_limit",251.722,0,"demo_v2",605338760,"synthetic_generator"
"22.4",132.86,11412.6,540.72,162.36,"ramping",119.8075,0.599,42.5,72.0756,-12.933,1480.0,32.5791,89.641,55.2,26.3,268.923,8.312,4698.6,4.17,285.2466,268.923,16.3236,46.9383,2.1489,0,-0.0,"ramp_limit",242.914,1,"demo_v2",605338760,"synthetic_generator"
"22.5",132.88,11353.2,540.69,173.6778,"ramping",119.6805,0.599,43.1,72.0755,4.019,1480.6,46.8683,94.247,55.2,26.3,282.741,8.314,4829.8,4.11,299.4288,282.741,16.6878,44.3464,3.9996,0,-0.0,"ramp_limit",249.466,0,"demo_v2",605338760,"synthetic_generator"
"22.6",132.86,11399.2,540.67,106.6342,"ramping",120.1242,0.599,43.3,72.0756,-4.112,1478.4,-24.6658,70.769,55.3,26.28,212.307,8.315,4109.2,4.11,228.3184,212.307,16.0114,-19.4123,3.065,0,0.0,"ramp_limit",239.464,0,"demo_v2",605338760,"synthetic_generator"
"22.7",132.84,11354.3,540.73,101.4797,"ramping",119.1853,0.599,43.1,72.0758,-13.411,1479.6,-36.9159,66.326,55.3,26.35,198.978,8.315,3981.8,4.04,215.1094,198.978,16.1314,-22.4293,1.8214,0,0.0,"ramp_limit",240.046,0,"demo_v2",605338760,"synthetic_generator"
"22.8",132.82,11414.4,540.73,87.9017,"ramping",119.506,0.599,43.5,72.076,-20.896,1478.9,-39.8145,65.474,55.2,26.29,196.422,8.315,3959.4,4.06,212.5115,196.422,16.0895,-17.856,0.9763,0,0.0,"ramp_limit",238.251,0,"demo_v2",605338760,"synthetic_generator"
"22.9",132.8,11361.7,540.74,87.1643,"ramping",120.354,0.599,43.0,72.0764,-26.617,1479.9,-41.0789,65.317,55.0,26.34,195.951,8.315,3953.9,4.06,212.0751,195.951,16.1241,-13.4015,0.0268,0,0.0,"ramp_limit",245.796,0,"demo_v2",605338760,"synthetic_generator"
"23.0",132.78,11401.7,540.66,94.8678,"ramping",120.0805,0.599,42.9,72.0768,-30.728,1480.8,-41.1199,65.279,55.6,26.31,195.837,8.315,3958.1,4.15,211.7406,195.837,15.9036,-9.3332,-0.5609,0,0.0,"ramp_limit",242.093,0,"demo_v2",605338760,"synthetic_generator"
"23.1",132.8,11403.5,540.77,165.6882,"ramping",119.9296,0.599,42.5,72.077,-12.785,1480.3,32.5715,89.612,55.3,26.31,268.836,8.317,4688.0,4.23,285.3011,268.836,16.4651,46.783,1.8973,0,0.0,"ramp_limit",247.833,1,"demo_v2",605338760,"synthetic_generator"
"23.2",132.82,11417.7,540.73,180.8302,"ramping",119.6313,0.599,43.0,72.077,4.225,1482.1,47.2198,94.21,55.0,26.31,282.63,8.32,4797.7,4.09,299.6711,282.63,17.0411,44.4932,3.9903,0,-0.0,"ramp_limit",247.226,0,"demo_v2",605338760,"synthetic_generator"
"23.3",132.8,11374.4,540.7,120.1144,"ramping",119.8483,0.599,42.6,72.077,-3.745,1479.1,-23.8921,70.732,55.5,26.34,212.196,8.321,4120.7,4.04,228.7562,212.196,16.5602,-19.0033,2.627,0,0.0,"ramp_limit",240.629,0,"demo_v2",605338760,"synthetic_generator"
"23.4",132.78,11411.8,540.69,102.4547,"ramping",120.196,0.599,43.0,72.0772,-13.382,1481.6,-37.7418,66.27,55.1,26.31,198.81,8.321,4005.3,4.06,215.2342,198.81,16.4242,-23.2836,1.6269,0,0.0,"ramp_limit",232.72,0,"demo_v2",605338760,"synthetic_generator"
"23.5",132.76,11387.4,540.64,91.7439,"ramping",119.7198,0.599,42.8,72.0775,-20.907,1480.7,-39.9259,65.414,55.2,26.33,196.242,8.32,3974.7,4.1,212.5539,196.242,16.3119,-17.9561,0.5784,0,0.0,"ramp_limit",237.426,0,"demo_v2",605338760,"synthetic_generator"
"23.6",132.74,11364.4,540.74,96.5586,"ramping",121.0754,0.599,42.9,72.0779,-26.882,1480.5,-41.9867,65.25,55.7,26.33,195.75,8.32,3939.0,4.18,211.8287,195.75,16.0787,-14.0456,-0.0727,0,0.0,"ramp_limit",244.084,0,"demo_v2",605338760,"synthetic_generator"
"23.7",132.76,11426.8,540.74,162.4929,"ramping",120.1076,0.599,42.8,72.078,-9.875,1481.2,33.1162,89.547,55.1,26.33,268.641,8.323,4691.2,4.03,285.9838,268.641,17.3428,44.4211,2.127,0,0.0,"ramp_limit",243.26,1,"demo_v2",605338760,"synthetic_generator"
"23.8",132.78,11398.6,540.75,172.4868,"ramping",119.7445,0.599,43.1,72.0779,6.365,1478.6,47.4127,94.136,55.1,26.35,282.408,8.326,4813.9,4.03,299.9372,282.408,17.5292,42.5474,4.0461,0,-0.0,"ramp_limit",246.284,0,"demo_v2",605338760,"synthetic_generator"
"23.9",132.76,11396.8,540.74,110.766,"ramping",120.3695,0.599,42.7,72.0779,-2.335,1477.8,-24.3262,70.676,55.3,26.37,212.028,8.326,4141.1,4.07,228.8033,212.028,16.7753,-20.8472,2.7473,0,0.0,"ramp_limit",250.388,0,"demo_v2",605338760,"synthetic_generator"
"24.0",132.74,11405.3,540.78,85.1358,"ramping",120.4916,0.6,43.4,72.0781,-12.544,1481.0,-38.3502,66.228,55.0,26.37,198.684,8.326,3973.5,4.22,214.8814,198.684,16.1974,-24.7318,1.3691,0,0.0,"ramp_limit",240.153,0,"demo_v2",605338760,"synthetic_generator"
"24.1",132.72,11356.0,540.74,103.1235,"ramping",119.2197,0.599,42.6,72.0784,-20.12,1478.4,-39.2689,65.401,54.8,26.33,196.203,8.326,3968.9,4.14,212.6708,196.203,16.4678,-18.0855,0.5517,0,0.0,"ramp_limit",251.855,0,"demo_v2",605338760,"synthetic_generator"
"24.2",132.7,11378.6,540.68,95.5871,"ramping",119.0876,0.599,43.2,72.0788,-25.531,1479.3,-39.2083,65.244,55.2,26.33,195.732,8.326,3935.5,4.02,212.5793,195.732,16.8473,-12.6144,-0.2492,0,0.0,"ramp_limit",247.689,0,"demo_v2",605338760,"synthetic_generator"
"24.3",132.68,11393.7,540.72,88.099,"ramping",119.709,0.599,42.9,72.0792,-29.618,1480.7,-39.9481,65.22,55.1,26.32,195.66,8.326,3957.0,4.06,212.4409,195.66,16.7809,-9.2679,-0.627,0,-0.0,"ramp_limit",250.595,0,"demo_v2",605338760,"synthetic_generator"
"24.4",132.7,11383.4,540.71,161.3092,"ramping",120.1432,0.599,43.1,72.0793,-11.877,1480.4,32.9653,89.55,55.6,26.34,268.65,8.328,4675.1,4.19,285.8085,268.65,17.1585,46.2714,1.7743,0,-0.0,"ramp_limit",248.516,1,"demo_v2",605338760,"synthetic_generator"
"24.5",132.72,11397.6,540.78,170.7534,"ramping",119.9509,0.599,42.4,72.0793,4.989,1479.6,47.6218,94.151,55.2,26.35,282.453,8.331,4829.5,4.04,300.2927,282.453,17.8397,44.1342,3.8943,0,-0.0,"ramp_limit",251.024,0,"demo_v2",605338760,"synthetic_generator"
"24.6",132.7,11414.6,540.79,110.7493,"ramping",119.6103,0.599,43.3,72.0793,-3.005,1480.8,-23.21,70.686,55.1,26.36,212.058,8.331,4116.3,4.08,229.1003,212.058,17.0423,-19.0595,2.5669,0,-0.0,"ramp_limit",248.907,0,"demo_v2",605338760,"synthetic_generator"
"24.7",132.68,11406.7,540.76,97.6257,"ramping",119.7798,0.599,43.1,72.0795,-12.618,1479.9,-36.9182,66.252,54.7,26.33,198.756,8.331,3976.8,4.13,215.5416,198.756,16.7856,-23.2225,1.5631,0,-0.0,"ramp_limit",247.845,0,"demo_v2",605338760,"synthetic_generator"
"24.8",132.66,11442.0,540.75,89.5673,"ramping",120.4495,0.599,43.0,72.0798,-20.294,1478.1,-39.696,65.412,55.2,26.35,196.236,8.331,3978.6,4.02,213.4135,196.236,17.1775,-18.3349,0.6843,0,0.0,"ramp_limit",247.047,0,"demo_v2",605338760,"synthetic_generator"
"24.9",132.64,11423.4,540.87,94.2417,"ramping",119.4766,0.599,43.0,72.0801,-25.688,1479.2,-39.3216,65.247,55.3,26.39,195.741,8.331,3946.1,4.06,212.795,195.741,17.054,-12.5697,-0.1471,0,0.0,"ramp_limit",245.808,0,"demo_v2",605338760,"synthetic_generator"
"25.0",132.62,11374.4,540.72,102.5487,"ramping",119.6393,0.599,43.0,72.0805,-29.675,1479.2,-39.7542,65.238,55.1,26.39,195.714,8.331,3960.3,4.16,212.5051,195.714,16.7911,-9.0167,-0.553,0,0.0,"ramp_limit",258.66,0,"demo_v2",605338760,"synthetic_generator"
"25.1",132.64,11337.2,540.77,170.7711,"ramping",121.0444,0.599,43.4,72.0807,-11.995,1478.7,32.6964,89.582,55.0,26.37,268.746,8.333,4684.2,4.14,286.3808,268.746,17.6348,46.1233,1.7742,0,-0.0,"ramp_limit",256.397,1,"demo_v2",605338760,"synthetic_generator"
"25.2",132.66,11430.5,540.76,174.0073,"ramping",120.5969,0.599,43.2,72.0806,4.817,1481.7,47.3134,94.147,55.1,26.38,282.441,8.336,4828.2,4.05,300.5703,282.441,18.1293,43.9993,3.8316,0,0.0,"ramp_limit",236.071,0,"demo_v2",605338760,"synthetic_generator"
"25.3",132.64,11419.5,540.81,109.7911,"ramping",119.8675,0.599,42.6,72.0807,-3.021,1480.7,-22.8326,70.693,55.2,26.38,212.079,8.336,4118.3,4.01,229.6749,212.079,17.5959,-18.6632,2.6724,0,-0.0,"ramp_limit",255.289,0,"demo_v2",605338760,"synthetic_generator"
"25.4",132.62,11400.3,540.82,98.8277,"ramping",119.9384,0.599,43.1,72.0808,-12.538,1480.9,-36.5967,66.252,55.4,26.36,198.756,8.336,3984.8,4.1,215.9617,198.756,17.2057,-22.9788,1.4148,0,0.0,"ramp_limit",245.87,0,"demo_v2",605338760,"synthetic_generator"
"25.5",132.6,11473.3,540.91,93.851,"ramping",119.8177,0.599,43.3,72.0811,-20.065,1479.5,-39.0894,65.401,54.9,26.37,196.203,8.336,3962.2,4.13,213.3283,196.203,17.1253,-17.9578,0.5161,0,-0.0,"ramp_limit",243.425,0,"demo_v2",605338760,"synthetic_generator"
"25.6",132.58,11374.9,540.73,107.0268,"ramping",119.9362,0.599,43.1,72.0815,-25.538,1480.7,-39.3736,65.228,55.6,26.37,195.684,8.336,3963.4,4.04,213.1426,195.684,17.4586,-12.7699,-0.1333,0,-0.0,"ramp_limit",243.501,0,"demo_v2",605338760,"synthetic_generator"
"25.7",132.56,11429.0,540.76,91.2283,"ramping",120.1686,0.599,42.7,72.0819,-29.619,1477.9,-39.9354,65.203,55.4,26.36,195.609,8.336,3945.2,4.13,212.7932,195.609,17.1842,-9.2524,-0.5832,0,0.0,"ramp_limit",252.649,0,"demo_v2",605338760,"synthetic_generator"
"25.8",132.54,11383.2,540.75,85.8572,"ramping",120.1436,0.599,42.6,72.0823,-32.44,1478.8,-39.569,65.198,55.1,26.36,195.594,8.336,3947.9,4.04,213.1146,195.594,17.5206,-6.0634,-0.8055,0,0.0,"ramp_limit",250.563,0,"demo_v2",605338760,"synthetic_generator"
"25.9",132.56,11391.1,540.89,156.5729,"ramping",119.8952,0.599,43.3,72.0825,-13.592,1480.5,34.0492,89.512,54.9,26.37,268.536,8.338,4698.3,4.15,286.5044,268.536,17.9684,49.0737,1.6756,0,-0.0,"ramp_limit",242.034,1,"demo_v2",605338760,"synthetic_generator"
"26.0",132.58,11435.6,540.78,179.6352,"ramping",119.5655,0.599,42.6,72.0825,4.055,1479.3,48.6624,94.116,55.2,26.37,282.348,8.341,4833.5,4.06,300.8079,282.348,18.4599,46.1115,3.766,0,0.0,"ramp_limit",254.829,0,"demo_v2",605338760,"synthetic_generator"
"26.1",132.56,11384.0,540.79,110.6281,"ramping",119.8902,0.599,42.9,72.0825,-3.646,1479.7,-23.1131,70.648,55.5,26.37,211.944,8.341,4116.2,4.18,229.3371,211.944,17.3931,-18.3205,2.7257,0,-0.0,"ramp_limit",250.021,0,"demo_v2",605338760,"synthetic_generator"
"26.2",132.54,11469.6,540.77,96.5381,"ramping",118.9558,0.599,43.3,72.0827,-12.553,1479.7,-35.065,66.209,55.3,26.4,198.627,8.341,3993.3,4.03,216.4308,198.627,17.8038,-21.4299,1.6539,0,0.0,"ramp_limit",247.973,0,"demo_v2",605338760,"synthetic_generator"
"26.3",132.52,11432.5,540.83,88.335,"ramping",120.5693,0.599,43.1,72.083,-20.198,1481.2,-39.5231,65.381,55.3,26.37,196.143,8.341,3974.5,4.15,213.5662,196.143,17.4232,-18.2572,0.5508,0,-0.0,"ramp_limit",255.604,0,"demo_v2",605338760,"synthetic_generator"
"26.4",132.5,11350.8,540.8,81.2794,"ramping",119.2579,0.599,43.4,72.0833,-25.345,1477.9,-38.3544,65.218,55.4,26.41,195.654,8.34,3964.4,4.06,213.4035,195.654,17.7495,-11.9424,-0.0872,0,-0.0,"ramp_limit",249.156,0,"demo_v2",605338760,"synthetic_generator"
"26.5",132.48,11378.1,540.79,90.942,"ramping",119.2161,0.599,43.1,72.0837,-29.013,1478.6,-38.2839,65.185,55.5,26.39,195.555,8.34,3965.5,4.04,213.4122,195.555,17.8572,-8.2038,-0.6035,0,0.0,"ramp_limit",250.112,0,"demo_v2",605338760,"synthetic_generator"
"26.6",132.5,11414.9,540.8,169.6485,"ramping",119.9478,0.599,42.5,72.0839,-11.01,1479.4,34.4971,89.507,54.8,26.37,268.521,8.343,4677.9,4.1,286.9449,268.521,18.4239,46.9418,1.7134,0,-0.0,"ramp_limit",249.219,1,"demo_v2",605338760,"synthetic_generator"
"26.7",132.52,11387.1,540.81,180.7527,"ramping",119.6581,0.599,42.7,72.0838,5.936,1479.8,48.7702,94.116,55.1,26.4,282.348,8.345,4826.7,4.11,300.9483,282.348,18.6003,44.3389,3.7812,0,0.0,"ramp_limit",258.765,0,"demo_v2",605338760,"synthetic_generator"
"26.8",132.5,11412.3,540.74,109.9583,"ramping",119.6064,0.599,42.9,72.0838,-2.055,1480.0,-22.2542,70.649,55.3,26.39,211.947,8.346,4123.2,4.12,229.8522,211.947,17.9052,-19.0499,2.8632,0,0.0,"ramp_limit",251.663,0,"demo_v2",605338760,"synthetic_generator"
"26.9",132.48,11421.6,540.8,93.4432,"ramping",120.1178,0.599,43.4,72.084,-11.709,1480.0,-36.1106,66.235,55.1,26.35,198.705,8.345,3995.4,4.13,216.4872,198.705,17.7822,-23.3192,1.5571,0,-0.0,"ramp_limit",260.682,0,"demo_v2",605338760,"synthetic_generator"
"27.0",132.46,11367.0,540.83,90.8231,"ramping",119.7584,0.599,42.5,72.0843,-19.217,1479.0,-38.1968,65.357,55.2,26.38,196.071,8.345,3957.0,4.08,214.0216,196.071,17.9506,-17.9097,0.562,0,-0.0,"ramp_limit",234.0,0,"demo_v2",605338760,"synthetic_generator"
"27.1",132.44,11401.2,540.91,95.7094,"ramping",119.5597,0.599,42.7,72.0846,-24.772,1478.6,-38.8122,65.178,55.3,26.41,195.534,8.345,3957.9,4.18,213.1875,195.534,17.6535,-12.9742,-0.2961,0,0.0,"ramp_limit",243.459,0,"demo_v2",605338760,"synthetic_generator"
"27.2",132.42,11373.0,540.86,92.8312,"ramping",120.2572,0.599,43.3,72.085,-28.945,1480.1,-39.4954,65.137,55.2,26.38,195.411,8.345,3939.2,4.15,213.1818,195.411,17.7708,-9.4845,-0.5248,0,0.0,"ramp_limit",248.015,0,"demo_v2",605338760,"synthetic_generator"
"27.3",132.4,11390.7,540.86,91.6873,"ramping",120.2581,0.599,43.2,72.0855,-31.907,1480.7,-39.3914,65.137,55.2,26.41,195.411,8.345,3953.7,4.14,213.2667,195.411,17.8557,-6.418,-0.7635,0,0.0,"ramp_limit",255.38,0,"demo_v2",605338760,"synthetic_generator"
"27.4",132.38,11340.1,540.87,96.4874,"ramping",119.0643,0.599,43.1,72.0859,-33.672,1478.6,-38.1342,65.137,55.0,26.34,195.411,8.344,3960.1,4.14,213.3101,195.411,17.8991,-3.3956,-0.8634,0,0.0,"ramp_limit",253.766,0,"demo_v2",605338760,"synthetic_generator"
"27.5",132.4,11412.9,540.83,163.1711,"ramping",119.6926,0.599,43.0,72.0861,-14.103,1481.0,35.3613,89.466,55.1,26.37,268.398,8.347,4678.4,4.03,287.4539,268.398,19.0559,50.9016,1.5318,0,-0.0,"ramp_limit",250.992,1,"demo_v2",605338760,"synthetic_generator"
"27.6",132.42,11371.7,540.86,180.4205,"ramping",120.0906,0.599,43.0,72.0861,3.724,1481.1,48.7857,94.062,54.9,26.4,282.186,8.349,4812.9,4.07,301.2963,282.186,19.1103,46.5682,3.6365,0,0.0,"ramp_limit",253.588,0,"demo_v2",605338760,"synthetic_generator"
"27.7",132.4,11419.0,540.85,113.8649,"ramping",119.1871,0.599,42.9,72.0861,-3.463,1479.8,-21.6296,70.572,54.8,26.39,211.716,8.35,4110.5,4.13,229.9575,211.716,18.2415,-17.0168,2.7733,0,-0.0,"ramp_limit",242.957,0,"demo_v2",605338760,"synthetic_generator"
"27.8",132.38,11445.6,540.8,102.4145,"ramping",118.579,0.599,43.4,72.0863,-12.189,1479.3,-34.2469,66.127,55.3,26.4,198.381,8.349,3988.8,4.08,216.7121,198.381,18.3311,-20.9744,1.7301,0,0.0,"ramp_limit",247.992,0,"demo_v2",605338760,"synthetic_generator"
"27.9",132.36,11381.3,540.86,94.1094,"ramping",118.9806,0.599,42.7,72.0865,-19.216,1479.9,-36.9771,65.295,55.5,26.4,195.885,8.349,3956.5,4.04,214.3635,195.885,18.4785,-16.6892,0.7619,0,0.0,"ramp_limit",255.902,0,"demo_v2",605338760,"synthetic_generator"
"28.0",132.34,11393.0,540.95,85.8333,"ramping",119.665,0.599,42.8,72.0869,-24.629,1479.5,-38.3133,65.134,55.2,26.42,195.402,8.349,3943.1,4.1,213.6917,195.402,18.2897,-12.6159,-0.0403,0,-0.0,"ramp_limit",252.816,0,"demo_v2",605338760,"synthetic_generator"
"28.1",132.32,11391.5,540.85,91.7929,"ramping",119.4974,0.599,43.0,72.0873,-28.543,1481.6,-38.4357,65.108,55.3,26.4,195.324,8.349,3949.5,4.18,213.3817,195.324,18.0577,-8.8257,-0.3571,0,0.0,"ramp_limit",256.437,0,"demo_v2",605338760,"synthetic_generator"
"28.2",132.3,11386.2,540.85,91.8008,"ramping",120.1,0.599,43.0,72.0877,-31.429,1480.4,-38.7233,65.12,54.8,26.38,195.36,8.349,3966.2,4.12,213.6767,195.36,18.3167,-6.226,-0.8037,0,0.0,"ramp_limit",262.336,0,"demo_v2",605338760,"synthetic_generator"
"28.3",132.32,11367.7,540.86,170.7272,"ramping",120.8793,0.599,42.9,72.0879,-12.871,1478.2,34.0377,89.465,55.1,26.42,268.395,8.351,4675.8,4.19,287.237,268.395,18.842,48.3449,1.6713,0,-0.0,"ramp_limit",260.271,1,"demo_v2",605338760,"synthetic_generator"
"28.4",132.34,11433.5,540.78,186.1082,"ramping",120.6448,0.599,42.5,72.0878,4.487,1479.0,48.3629,94.051,55.0,26.38,282.153,8.353,4832.4,4.15,301.3477,282.153,19.1947,45.3827,3.9832,0,0.0,"ramp_limit",250.399,0,"demo_v2",605338760,"synthetic_generator"
"28.5",132.32,11400.0,540.87,103.4409,"ramping",119.4448,0.599,43.3,72.0879,-2.744,1479.2,-21.0222,70.598,55.0,26.39,211.794,8.354,4116.7,4.03,230.7426,211.794,18.9486,-17.1244,2.7932,0,0.0,"ramp_limit",260.887,0,"demo_v2",605338760,"synthetic_generator"
"28.6",132.3,11391.0,540.78,94.6068,"ramping",119.9171,0.599,43.6,72.088,-11.901,1480.3,-35.0462,66.178,55.4,26.38,198.534,8.354,3984.9,4.09,217.1709,198.534,18.6369,-22.0593,1.4947,0,0.0,"ramp_limit",260.719,0,"demo_v2",605338760,"synthetic_generator"
"28.7",132.28,11410.6,540.83,102.3874,"ramping",118.9724,0.599,42.7,72.0883,-18.911,1481.7,-36.6323,65.327,55.4,26.4,195.981,8.353,3950.1,4.09,214.6201,195.981,18.6391,-16.6482,0.7427,0,0.0,"ramp_limit",249.263,0,"demo_v2",605338760,"synthetic_generator"
"28.8",132.26,11434.9,540.82,97.0112,"ramping",120.0325,0.599,43.1,72.0886,-24.333,1477.3,-38.0385,65.157,54.9,26.38,195.471,8.353,3948.5,4.06,214.254,195.471,18.783,-12.6342,-0.0979,0,0.0,"ramp_limit",250.403,0,"demo_v2",605338760,"synthetic_generator"
"28.9",132.24,11369.0,540.85,100.2355,"ramping",119.7196,0.599,42.7,72.089,-28.276,1479.1,-38.2406,65.124,54.9,26.4,195.372,8.353,3936.9,4.19,213.719,195.372,18.347,-8.896,-0.4555,0,-0.0,"ramp_limit",254.113,0,"demo_v2",605338760,"synthetic_generator"
"29.0",132.22,11394.9,540.93,91.8498,"ramping",119.2479,0.599,43.3,72.0895,-30.854,1478.5,-37.3722,65.128,55.3,26.4,195.384,8.353,3948.7,4.1,214.0957,195.384,18.7117,-5.4477,-0.5047,0,-0.0,"ramp_limit",260.33,0,"demo_v2",605338760,"synthetic_generator"
"29.1",132.24,11400.9,540.82,170.9668,"ramping",119.0934,0.599,43.3,72.0896,-11.717,1480.1,36.6569,89.462,55.4,26.41,268.386,8.355,4675.8,4.07,287.9903,268.386,19.6043,49.8139,1.8568,0,-0.0,"ramp_limit",256.732,1,"demo_v2",605338760,"synthetic_generator"
"29.2",132.26,11380.7,540.84,182.9498,"ramping",119.7809,0.599,43.0,72.0895,5.708,1481.8,49.7544,94.045,55.1,26.44,282.135,8.357,4817.3,4.11,301.7953,282.135,19.6603,45.5554,4.0027,0,0.0,"ramp_limit",250.488,0,"demo_v2",605338760,"synthetic_generator"
"29.3",132.24,11334.3,540.83,117.3002,"ramping",119.9524,0.599,42.7,72.0896,-1.967,1479.0,-21.3664,70.571,55.3,26.41,211.713,8.358,4119.8,4.08,230.826,211.713,19.113,-18.2453,2.7627,0,-0.0,"ramp_limit",252.915,0,"demo_v2",605338760,"synthetic_generator"
"29.4",132.22,11379.2,540.86,95.8706,"ramping",119.6692,0.599,42.8,72.0897,-11.302,1479.7,-34.8994,66.132,55.1,26.43,198.396,8.357,3992.7,4.2,216.9898,198.396,18.5938,-22.5124,1.7565,0,0.0,"ramp_limit",253.486,0,"demo_v2",605338760,"synthetic_generator"
"29.5",132.2,11424.8,540.81,94.0525,"ramping",119.9248,0.599,42.6,72.09,-18.682,1481.2,-37.338,65.326,55.2,26.44,195.978,8.357,3960.0,4.14,214.7868,195.978,18.8088,-17.582,0.7795,0,-0.0,"ramp_limit",270.791,0,"demo_v2",605338760,"synthetic_generator"
"29.6",132.18,11479.5,540.8,99.8052,"ramping",119.3182,0.599,42.6,72.0903,-23.945,1479.2,-37.2492,65.148,55.4,26.42,195.444,8.357,3956.1,4.15,214.249,195.444,18.805,-12.2329,0.2029,0,-0.0,"ramp_limit",247.828,0,"demo_v2",605338760,"synthetic_generator"
"29.7",132.16,11382.5,540.87,93.5303,"ramping",119.7708,0.599,42.8,72.0907,-27.791,1479.1,-37.513,65.143,55.5,26.41,195.429,8.357,3959.2,4.11,214.4178,195.429,18.9888,-8.6499,-0.3975,0,-0.0,"ramp_limit",268.545,0,"demo_v2",605338760,"synthetic_generator"
"29.8",132.14,11332.6,540.96,95.6488,"ramping",119.6904,0.599,43.0,72.0911,-30.544,1479.3,-37.5011,65.144,55.1,26.38,195.432,8.356,3940.8,4.14,214.3293,195.432,18.8973,-5.8854,-0.6429,0,0.0,"ramp_limit",260.753,0,"demo_v2",605338760,"synthetic_generator"
"29.9",132.12,11409.2,540.84,86.068,"ramping",120.2357,0.599,42.7,72.0916,-32.559,1480.3,-37.6515,65.113,55.2,26.38,195.339,8.356,3963.7,4.03,214.7042,195.339,19.3652,-4.019,-0.7798,0,-0.0,"ramp_limit",243.683,0,"demo_v2",605338760,"synthetic_generator"
"30.0",132.14,11353.1,540.8,168.0063,"ramping",118.8431,0.599,42.7,72.0918,-12.771,1480.2,37.2479,89.445,55.1,26.41,268.335,8.358,4664.4,4.09,288.231,268.335,19.896,51.46,1.6111,0,0.0,"ramp_limit",256.997,1,"demo_v2",605338760,"synthetic_generator"
"30.1",132.16,11421.9,540.87,179.6032,"ramping",120.9466,0.599,42.7,72.0917,4.797,1479.7,49.2018,94.015,55.1,26.43,282.045,8.361,4821.1,4.05,302.3084,282.045,20.2634,45.9163,3.9872,0,0.0,"ramp_limit",245.83,0,"demo_v2",605338760,"synthetic_generator"
"30.2",132.14,11361.8,541.0,105.6727,"ramping",119.2932,0.599,42.6,72.0917,-2.304,1479.9,-20.2533,70.569,55.2,26.4,211.707,8.361,4103.6,4.08,231.1799,211.707,19.4729,-16.7934,2.8983,0,-0.0,"ramp_limit",267.088,0,"demo_v2",605338760,"synthetic_generator"
"30.3",132.12,11389.3,540.94,88.8936,"ramping",119.9431,0.599,43.1,72.0919,-11.367,1480.4,-34.2757,66.14,55.0,26.45,198.42,8.361,3998.8,4.09,217.7874,198.42,19.3674,-21.8198,1.626,0,-0.0,"ramp_limit",259.41,0,"demo_v2",605338760,"synthetic_generator"
"30.4",132.1,11356.6,540.95,90.6873,"ramping",119.7841,0.599,43.0,72.0921,-18.493,1480.6,-36.5064,65.3,55.1,26.39,195.9,8.361,3959.1,4.06,215.3777,195.9,19.4777,-16.9366,0.6798,0,0.0,"ramp_limit",257.117,0,"demo_v2",605338760,"synthetic_generator"
"30.5",132.08,11360.8,540.85,90.0822,"ramping",120.7282,0.599,43.3,72.0925,-23.974,1480.7,-37.8278,65.153,55.2,26.41,195.459,8.36,3966.6,4.06,214.9804,195.459,19.5214,-12.7789,-0.0261,0,0.0,"ramp_limit",263.244,0,"demo_v2",605338760,"synthetic_generator"
"30.6",132.06,11375.1,540.91,95.1389,"ramping",119.3854,0.599,42.8,72.0929,-27.557,1478.6,-36.6132,65.125,54.9,26.4,195.375,8.36,3942.7,4.08,214.8322,195.375,19.4572,-7.982,-0.2347,0,-0.0,"ramp_limit",259.823,0,"demo_v2",605338760,"synthetic_generator"
"30.7",132.08,11401.3,540.86,166.1849,"ramping",119.5942,0.599,43.5,72.093,-9.091,1479.9,37.5868,89.438,55.0,26.41,268.314,8.362,4699.7,3.91,289.261,268.314,20.947,48.1241,2.041,0,0.0,"ramp_limit",252.055,1,"demo_v2",605338760,"synthetic_generator"
"30.8",132.1,11443.6,540.84,180.8266,"ramping",119.3897,0.599,42.9,72.0929,7.937,1479.8,50.9789,94.043,55.0,26.45,282.129,8.365,4823.9,4.11,302.4686,282.129,20.3396,44.5543,4.171,0,-0.0,"ramp_limit",263.323,0,"demo_v2",605338760,"synthetic_generator"
"30.9",132.08,11369.0,540.88,119.2225,"ramping",119.3067,0.599,43.1,72.0929,0.131,1479.3,-19.6002,70.609,55.1,26.42,211.827,8.365,4134.2,4.04,231.7865,211.827,19.9595,-18.5723,3.1623,0,0.0,"ramp_limit",273.976,0,"demo_v2",605338760,"synthetic_generator"
"31.0",132.06,11373.7,540.89,101.7738,"ramping",120.3214,0.599,44.0,72.093,-9.708,1479.8,-34.5773,66.182,55.0,26.44,198.546,8.365,4000.1,4.2,217.8041,198.546,19.2581,-23.7803,1.6609,0,0.0,"ramp_limit",261.586,0,"demo_v2",605338760,"synthetic_generator"
"31.1",132.04,11397.2,540.93,82.2413,"ramping",119.7198,0.599,42.9,72.0932,-17.249,1480.9,-36.3132,65.343,55.0,26.45,196.029,8.365,3940.5,4.15,215.4466,196.029,19.4176,-17.9869,0.4791,0,-0.0,"ramp_limit",258.76,0,"demo_v2",605338760,"synthetic_generator"
"31.2",132.02,11351.8,540.93,94.4765,"ramping",119.5273,0.599,43.3,72.0936,-22.682,1479.1,-36.4136,65.187,55.4,26.42,195.561,8.364,3947.5,4.12,215.1337,195.561,19.5727,-12.6559,0.0722,0,-0.0,"ramp_limit",260.985,0,"demo_v2",605338760,"synthetic_generator"
"31.3",132.0,11463.5,540.83,90.9278,"ramping",119.6717,0.599,43.6,72.0939,-26.585,1479.6,-36.4505,65.166,55.3,26.43,195.498,8.364,3947.8,4.09,215.2212,195.498,19.7232,-8.7894,-0.3182,0,-0.0,"ramp_limit",264.006,0,"demo_v2",605338760,"synthetic_generator"
"31.4",132.02,11363.8,540.93,169.9547,"ramping",119.5432,0.599,43.0,72.0941,-8.374,1480.2,37.6578,89.486,55.3,26.41,268.458,8.366,4696.5,4.03,289.221,268.458,20.763,47.4779,2.0291,0,-0.0,"ramp_limit",256.34,1,"demo_v2",605338760,"synthetic_generator"
"31.5",132.04,11415.0,540.93,182.939,"ramping",119.1123,0.599,42.9,72.0939,8.769,1480.3,52.1032,94.074,55.1,26.44,282.222,8.369,4826.6,4.01,303.2555,282.222,21.0335,44.8504,3.9025,0,0.0,"ramp_limit",257.322,0,"demo_v2",605338760,"synthetic_generator"
"31.6",132.02,11362.3,540.86,112.2899,"ramping",120.0548,0.599,42.9,72.0939,0.623,1480.1,-19.9689,70.593,55.2,26.45,211.779,8.369,4119.8,4.02,232.1059,211.779,20.3269,-19.4314,2.9407,0,-0.0,"ramp_limit",254.155,0,"demo_v2",605338760,"synthetic_generator"
"31.7",132.0,11392.8,540.92,102.9715,"ramping",120.1663,0.599,43.4,72.094,-9.019,1477.5,-33.3902,66.196,55.1,26.43,198.588,8.369,3984.4,4.03,218.7761,198.588,20.1881,-23.2774,1.7224,0,0.0,"ramp_limit",276.527,0,"demo_v2",605338760,"synthetic_generator"
"31.8",131.98,11402.7,540.95,97.1532,"ramping",119.0319,0.599,42.7,72.0943,-16.395,1479.2,-35.0397,65.349,55.3,26.4,196.047,8.368,3962.8,4.1,215.9722,196.047,19.9252,-17.5648,0.5495,0,0.0,"ramp_limit",256.246,0,"demo_v2",605338760,"synthetic_generator"
"31.9",131.96,11465.8,541.01,95.8186,"ramping",120.0488,0.599,42.7,72.0946,-22.129,1479.3,-36.6245,65.181,55.6,26.42,195.543,8.368,3959.8,4.13,215.3843,195.543,19.8413,-13.4186,0.0605,0,-0.0,"ramp_limit",256.529,0,"demo_v2",605338760,"synthetic_generator"
"32.0",131.94,11368.2,540.9,101.5056,"ramping",119.3491,0.599,42.4,72.0949,-26.008,1479.9,-35.8112,65.163,55.3,26.49,195.489,8.368,3956.1,4.1,215.4779,195.489,19.9889,-8.7258,-0.3213,0,0.0,"ramp_limit",266.347,0,"demo_v2",605338760,"synthetic_generator"
"32.1",131.92,11393.9,541.02,97.6972,"ramping",120.5249,0.599,43.2,72.0953,-29.066,1479.2,-36.7948,65.183,55.1,26.43,195.549,8.367,3954.3,4.08,215.6501,195.549,20.1011,-6.6506,-0.5496,0,-0.0,"ramp_limit",273.296,0,"demo_v2",605338760,"synthetic_generator"
"32.2",131.94,11442.1,540.86,163.9126,"ramping",120.3811,0.599,43.3,72.0955,-10.355,1479.8,36.9398,89.506,55.0,26.43,268.518,8.369,4698.3,4.12,289.2609,268.518,20.7429,48.7411,1.8566,0,0.0,"ramp_limit",257.261,1,"demo_v2",605338760,"synthetic_generator"
"32.3",131.96,11479.2,540.99,179.2909,"ramping",120.0108,0.599,42.2,72.0954,7.103,1479.2,51.2322,94.093,55.5,26.46,282.279,8.372,4821.1,4.12,303.203,282.279,20.924,45.6452,3.9558,0,-0.0,"ramp_limit",257.775,0,"demo_v2",605338760,"synthetic_generator"
"32.4",131.94,11415.1,540.82,115.0133,"ramping",119.2458,0.599,43.0,72.0954,-0.233,1479.5,-18.7774,70.625,55.1,26.43,211.875,8.372,4112.3,4.05,232.4084,211.875,20.5334,-17.3823,2.9797,0,-0.0,"ramp_limit",261.112,0,"demo_v2",605338760,"synthetic_generator"
"32.5",131.92,11419.2,540.98,94.115,"ramping",120.4358,0.599,43.0,72.0955,-9.657,1478.4,-33.4782,66.184,54.7,26.46,198.552,8.372,3989.3,4.08,218.8776,198.552,20.3256,-22.7268,1.6425,0,0.0,"ramp_limit",258.023,0,"demo_v2",605338760,"synthetic_generator"
"32.6",131.9,11407.7,540.82,94.2977,"ramping",119.7499,0.599,42.9,72.0958,-16.891,1479.0,-35.1745,65.338,55.1,26.42,196.014,8.372,3968.6,4.05,216.4754,196.014,20.4614,-17.2011,0.6527,0,-0.0,"ramp_limit",257.893,0,"demo_v2",605338760,"synthetic_generator"
"32.7",131.88,11329.4,540.93,98.4849,"ramping",119.8919,0.599,43.2,72.0961,-22.332,1479.3,-36.0859,65.192,55.2,26.44,195.576,8.371,3941.2,4.14,215.686,195.576,20.11,-12.6755,0.0824,0,-0.0,"ramp_limit",268.05,0,"demo_v2",605338760,"synthetic_generator"
"32.8",131.9,11384.6,540.96,168.2421,"ramping",119.5154,0.599,43.3,72.0961,-5.058,1479.3,38.6045,89.498,55.7,26.45,268.494,8.373,4693.2,3.99,290.0199,268.494,21.5259,45.1126,2.0461,0,0.0,"ramp_limit",263.293,1,"demo_v2",605338760,"synthetic_generator"
"32.9",131.92,11337.1,540.92,187.7324,"ramping",120.319,0.599,43.5,72.096,10.856,1477.5,51.0842,94.059,55.4,26.45,282.177,8.376,4826.2,4.13,303.3232,282.177,21.1462,41.7448,4.2401,0,0.0,"ramp_limit",249.975,0,"demo_v2",605338760,"synthetic_generator"
"33.0",131.9,11386.4,540.84,122.6017,"ramping",121.3624,0.599,42.8,72.096,1.79,1480.6,-21.127,70.614,55.0,26.44,211.842,8.376,4130.3,4.18,232.1354,211.842,20.2934,-21.7563,2.7678,0,-0.0,"ramp_limit",272.671,0,"demo_v2",605338760,"synthetic_generator"
"33.1",131.88,11415.9,540.98,97.215,"ramping",120.1549,0.599,43.0,72.0961,-8.01,1479.0,-32.7832,66.196,55.1,26.48,198.588,8.376,3987.0,4.06,219.2517,198.588,20.6637,-23.677,1.506,0,-0.0,"ramp_limit",269.751,0,"demo_v2",605338760,"synthetic_generator"
"33.2",131.86,11420.9,541.03,100.2274,"ramping",120.1842,0.599,43.1,72.0963,-15.768,1479.1,-35.3778,65.361,55.3,26.48,196.083,8.376,3953.5,4.08,216.6664,196.083,20.5834,-18.5265,0.6746,0,0.0,"ramp_limit",264.209,0,"demo_v2",605338760,"synthetic_generator"
"33.3",131.84,11389.9,540.89,87.1048,"ramping",119.4828,0.599,43.4,72.0966,-21.305,1480.0,-35.3007,65.199,54.9,26.46,195.597,8.375,3962.2,4.13,216.0221,195.597,20.4251,-12.9156,0.0117,0,0.0,"ramp_limit",261.66,0,"demo_v2",605338760,"synthetic_generator"
"33.4",131.82,11363.3,540.99,90.9544,"ramping",119.799,0.599,43.2,72.0969,-25.321,1478.7,-35.4719,65.162,55.4,26.43,195.486,8.375,3961.8,4.08,216.1471,195.486,20.6611,-9.0701,-0.4441,0,-0.0,"ramp_limit",260.432,0,"demo_v2",605338760,"synthetic_generator"
"33.5",131.84,11337.7,540.93,169.9157,"ramping",120.2654,0.599,43.0,72.097,-7.392,1479.1,37.9264,89.494,55.0,26.49,268.482,8.377,4671.8,4.05,290.0318,268.482,21.5498,46.7685,1.8523,0,-0.0,"ramp_limit",265.428,1,"demo_v2",605338760,"synthetic_generator"
"33.6",131.86,11352.9,540.97,186.8161,"ramping",119.7874,0.599,42.5,72.0969,9.509,1479.0,52.232,94.094,55.4,26.48,282.282,8.379,4826.4,4.09,303.8794,282.282,21.5974,44.2424,4.0029,0,-0.0,"ramp_limit",266.6,0,"demo_v2",605338760,"synthetic_generator"
"33.7",131.84,11396.8,541.01,115.2691,"ramping",119.7627,0.599,43.0,72.0969,1.469,1480.2,-18.8532,70.619,55.5,26.44,211.857,8.38,4123.6,4.1,232.7495,211.857,20.8925,-19.1585,2.7645,0,-0.0,"ramp_limit",260.292,0,"demo_v2",605338760,"synthetic_generator"
"33.8",131.82,11372.3,540.91,102.5662,"ramping",119.373,0.599,42.6,72.097,-7.888,1480.3,-31.5399,66.208,55.0,26.44,198.624,8.379,3975.5,4.04,219.6531,198.624,21.0291,-22.5536,1.4889,0,-0.0,"ramp_limit",273.827,0,"demo_v2",605338760,"synthetic_generator"
"33.9",131.8,11366.3,540.92,94.933,"ramping",120.4038,0.599,42.7,72.0972,-15.577,1479.3,-35.0119,65.379,55.1,26.49,196.137,8.379,3966.3,4.04,217.1919,196.137,21.0549,-18.3489,0.6007,0,-0.0,"ramp_limit",268.183,0,"demo_v2",605338760,"synthetic_generator"
"34.0",131.78,11344.4,541.04,85.5649,"ramping",119.2739,0.599,42.4,72.0975,-21.039,1480.6,-34.8477,65.222,55.0,26.47,195.666,8.379,3950.6,4.17,216.2062,195.666,20.5402,-12.7277,-0.2414,0,-0.0,"ramp_limit",264.801,0,"demo_v2",605338760,"synthetic_generator"
"34.1",131.76,11430.8,540.96,95.2913,"ramping",119.2953,0.599,43.1,72.0979,-24.845,1480.6,-34.4639,65.196,55.2,26.43,195.588,8.378,3929.8,4.06,216.5914,195.588,21.0034,-8.5359,-0.4007,0,0.0,"ramp_limit",266.94,0,"demo_v2",605338760,"synthetic_generator"
"34.2",131.74,11403.7,540.92,95.7545,"ramping",119.3834,0.598,43.0,72.0982,-27.679,1478.8,-34.8421,65.18,55.1,26.44,195.54,8.378,3963.7,4.14,216.2813,195.54,20.7413,-6.0817,-0.7945,0,-0.0,"ramp_limit",260.351,0,"demo_v2",605338760,"synthetic_generator"
"34.3",131.76,11421.6,541.01,171.358,"ramping",119.8851,0.598,43.0,72.0984,-8.91,1481.8,38.5338,89.516,55.1,26.44,268.548,8.38,4677.1,4.11,290.1789,268.548,21.6309,48.8947,1.6238,0,0.0,"ramp_limit",266.493,1,"demo_v2",605338760,"synthetic_generator"
"34.4",131.78,11342.5,540.93,184.0673,"ramping",120.1321,0.598,43.3,72.0982,8.471,1480.2,52.404,94.106,55.1,26.48,282.318,8.382,4819.6,4.07,304.3161,282.318,21.9981,45.4545,3.8785,0,0.0,"ramp_limit",263.161,0,"demo_v2",605338760,"synthetic_generator"
"34.5",131.76,11415.1,540.86,112.6658,"ramping",118.7054,0.598,42.4,72.0982,1.274,1481.1,-16.9172,70.638,54.9,26.48,211.914,8.383,4115.7,4.0,233.5482,211.914,21.6342,-17.0234,2.9067,0,-0.0,"ramp_limit",264.678,0,"demo_v2",605338760,"synthetic_generator"
"34.6",131.74,11442.2,540.91,97.2494,"ramping",119.558,0.599,43.2,72.0983,-7.979,1480.1,-31.3674,66.191,55.3,26.46,198.573,8.382,3977.2,4.04,219.9306,198.573,21.3576,-22.2888,1.5432,0,0.0,"ramp_limit",258.671,0,"demo_v2",605338760,"synthetic_generator"
"34.7",131.72,11385.9,541.0,96.5876,"ramping",118.8524,0.599,42.7,72.0986,-15.151,1478.5,-33.2811,65.359,55.1,26.46,196.077,8.382,3970.1,4.08,217.2913,196.077,21.2143,-17.0436,0.5619,0,0.0,"ramp_limit",268.251,0,"demo_v2",605338760,"synthetic_generator"
"34.8",131.7,11356.7,541.03,99.9215,"ramping",119.9319,0.599,43.3,72.0988,-20.682,1478.8,-34.6609,65.228,55.2,26.5,195.684,8.381,3966.2,4.07,216.971,195.684,21.287,-12.894,-0.0896,0,-0.0,"ramp_limit",278.0,0,"demo_v2",605338760,"synthetic_generator"
"34.9",131.68,11353.8,540.97,104.9093,"ramping",120.0047,0.599,42.6,72.0992,-24.555,1480.0,-34.3465,65.21,55.2,26.48,195.63,8.381,3960.8,3.98,217.3382,195.63,21.7082,-8.7048,-0.4421,0,-0.0,"ramp_limit",271.734,0,"demo_v2",605338760,"synthetic_generator"
"35.0",131.7,11382.9,540.95,165.3433,"ramping",119.7302,0.598,42.5,72.0993,-6.613,1480.4,38.7388,89.537,55.0,26.51,268.611,8.383,4687.9,4.2,290.169,268.611,21.558,46.8027,1.7614,0,0.0,"ramp_limit",266.061,1,"demo_v2",605338760,"synthetic_generator"
"35.1",131.72,11400.0,540.97,182.0659,"ramping",120.0031,0.598,42.9,72.0991,10.339,1480.7,53.1892,94.13,54.9,26.48,282.39,8.386,4838.4,4.02,304.9123,282.39,22.5223,44.3748,4.0542,0,0.0,"ramp_limit",265.873,0,"demo_v2",605338760,"synthetic_generator"
"35.2",131.7,11422.2,540.88,109.9022,"ramping",119.9797,0.599,42.8,72.0991,2.267,1480.4,-18.137,70.678,55.5,26.43,212.034,8.386,4131.6,4.1,233.5427,212.034,21.5087,-19.2363,2.6331,0,-0.0,"ramp_limit",273.046,0,"demo_v2",605338760,"synthetic_generator"
"35.3",131.68,11474.4,540.97,101.1338,"ramping",118.902,0.599,42.8,72.0992,-7.114,1480.7,-30.8249,66.243,54.9,26.51,198.729,8.385,3990.5,4.19,219.7571,198.729,21.0281,-22.6121,1.4861,0,0.0,"ramp_limit",265.497,0,"demo_v2",605338760,"synthetic_generator"
"35.4",131.66,11432.7,540.99,95.0767,"ramping",119.6678,0.598,43.2,72.0994,-14.568,1479.3,-33.4119,65.394,55.2,26.5,196.182,8.385,3941.3,4.02,217.9159,196.182,21.7339,-17.7544,0.5606,0,0.0,"ramp_limit",261.853,0,"demo_v2",605338760,"synthetic_generator"
"35.5",131.64,11452.6,540.94,88.102,"ramping",119.8025,0.599,42.9,72.0997,-20.126,1479.8,-34.1728,65.251,55.3,26.47,195.753,8.385,3952.0,4.08,217.2697,195.753,21.5167,-12.9604,0.1396,0,-0.0,"ramp_limit",273.989,0,"demo_v2",605338760,"synthetic_generator"
"35.6",131.62,11386.0,540.92,95.8144,"ramping",119.8055,0.599,42.9,72.1,-24.158,1479.5,-34.3525,65.214,55.5,26.49,195.642,8.384,3961.0,4.11,217.073,195.642,21.431,-9.1091,-0.3834,0,-0.0,"ramp_limit",264.476,0,"demo_v2",605338760,"synthetic_generator"
"35.7",131.6,11423.2,540.99,100.5405,"ramping",119.761,0.599,43.0,72.1004,-26.896,1479.2,-33.8148,65.197,55.2,26.43,195.591,8.384,3970.4,4.0,217.5462,195.591,21.9552,-5.8311,-0.7949,0,0.0,"ramp_limit",262.388,0,"demo_v2",605338760,"synthetic_generator"
"35.8",131.62,11374.9,541.02,180.4518,"ramping",119.145,0.599,43.3,72.1005,-7.867,1478.8,40.2319,89.543,55.2,26.5,268.629,8.386,4682.2,4.08,290.9969,268.629,22.3679,49.5539,1.7293,0,0.0,"ramp_limit",273.638,1,"demo_v2",605338760,"synthetic_generator"
"35.9",131.64,11410.4,540.96,173.3513,"ramping",119.3359,0.599,43.0,72.1004,9.715,1479.0,54.1591,94.133,55.2,26.51,282.399,8.388,4817.4,4.04,305.135,282.399,22.736,45.9698,3.9409,0,-0.0,"ramp_limit",265.351,0,"demo_v2",605338760,"synthetic_generator"
"36.0",131.62,11389.1,540.93,111.7199,"ramping",119.4973,0.599,42.8,72.1003,2.109,1480.2,-17.1168,70.659,55.3,26.49,211.977,8.388,4110.9,4.05,234.0005,211.977,22.0235,-18.0558,2.7731,0,-0.0,"ramp_limit",264.816,0,"demo_v2",605338760,"synthetic_generator"
"36.1",131.6,11432.3,541.01,108.8359,"ramping",120.2413,0.599,43.1,72.1004,-7.269,1479.8,-30.9737,66.204,54.9,26.47,198.612,8.388,3992.8,3.98,220.8676,198.612,22.2556,-22.6003,1.4055,0,-0.0,"ramp_limit",257.566,0,"demo_v2",605338760,"synthetic_generator"
"36.2",131.58,11401.6,540.9,87.6813,"ramping",119.3228,0.599,42.4,72.1006,-14.567,1479.1,-33.0152,65.356,55.4,26.49,196.068,8.388,3970.8,4.08,217.8876,196.068,21.8196,-17.3588,0.423,0,0.0,"ramp_limit",263.368,0,"demo_v2",605338760,"synthetic_generator"
"36.3",131.56,11403.8,540.89,97.5523,"ramping",118.7524,0.599,43.1,72.1009,-19.79,1479.6,-32.9905,65.203,55.2,26.49,195.609,8.387,3961.2,4.11,217.3219,195.609,21.7129,-12.1139,0.0167,0,-0.0,"ramp_limit",270.982,0,"demo_v2",605338760,"synthetic_generator"
"36.4",131.54,11422.7,540.98,95.7968,"ramping",119.7303,0.599,43.1,72.1012,-23.8,1479.4,-33.937,65.17,55.6,26.48,195.51,8.387,3951.5,4.09,217.3333,195.51,21.8233,-9.0504,-0.4537,0,-0.0,"ramp_limit",266.964,0,"demo_v2",605338760,"synthetic_generator"
"36.5",131.52,11385.7,541.03,96.4669,"ramping",118.9387,0.599,42.8,72.1016,-26.308,1478.7,-32.6463,65.183,55.0,26.49,195.549,8.387,3955.5,4.0,217.8124,195.549,22.2634,-5.2493,-0.7309,0,-0.0,"ramp_limit",277.446,0,"demo_v2",605338760,"synthetic_generator"
"36.6",131.54,11384.7,540.98,169.2674,"ramping",120.0308,0.599,43.4,72.1017,-7.698,1481.7,39.3406,89.509,55.4,26.51,268.527,8.389,4686.0,4.15,290.9114,268.527,22.3844,48.4932,1.99,0,-0.0,"ramp_limit",265.902,1,"demo_v2",605338760,"synthetic_generator"
"36.7",131.56,11408.7,540.94,189.1828,"ramping",120.0542,0.599,42.9,72.1016,9.762,1479.0,53.8981,94.106,55.6,26.46,282.318,8.391,4820.1,4.01,305.5123,282.318,23.1943,45.6636,3.9245,0,-0.0,"ramp_limit",269.528,0,"demo_v2",605338760,"synthetic_generator"
"36.8",131.54,11427.8,541.05,117.2316,"ramping",119.7864,0.599,42.9,72.1015,2.174,1477.9,-17.0072,70.654,55.0,26.54,211.962,8.391,4126.6,4.05,234.3192,211.962,22.3572,-18.0096,2.7896,0,0.0,"ramp_limit",275.665,0,"demo_v2",605338760,"synthetic_generator"
"36.9",131.52,11370.3,540.98,94.8601,"ramping",118.8522,0.599,43.4,72.1016,-6.802,1480.3,-29.4921,66.229,55.3,26.51,198.687,8.391,3973.3,4.06,220.8801,198.687,22.1931,-21.5857,1.4234,0,-0.0,"ramp_limit",272.747,0,"demo_v2",605338760,"synthetic_generator"
"37.0",131.5,11398.4,541.02,101.5463,"ramping",120.1389,0.599,43.9,72.1018,-14.342,1479.5,-33.3992,65.386,55.3,26.48,196.158,8.39,3962.3,4.09,218.2397,196.158,22.0817,-17.966,0.8046,0,0.0,"ramp_limit",267.003,0,"demo_v2",605338760,"synthetic_generator"
"37.1",131.48,11389.9,540.94,99.1006,"ramping",120.2776,0.599,42.9,72.1021,-19.945,1479.8,-34.1102,65.238,55.2,26.47,195.714,8.39,3956.8,4.13,217.6474,195.714,21.9334,-13.077,0.0826,0,-0.0,"ramp_limit",274.224,0,"demo_v2",605338760,"synthetic_generator"
"37.2",131.46,11415.0,540.94,92.4754,"ramping",119.131,0.598,42.6,72.1024,-23.618,1478.1,-32.9006,65.2,55.1,26.48,195.6,8.39,3949.4,4.1,217.6904,195.6,22.0904,-8.1942,-0.4698,0,0.0,"ramp_limit",266.534,0,"demo_v2",605338760,"synthetic_generator"
"37.3",131.44,11368.8,540.93,98.4699,"ramping",119.5708,0.598,42.8,72.1028,-26.413,1478.3,-33.4798,65.192,54.9,26.51,195.576,8.389,3956.8,4.14,217.531,195.576,21.955,-5.9791,-0.7686,0,-0.0,"ramp_limit",269.179,0,"demo_v2",605338760,"synthetic_generator"
"37.4",131.46,11424.6,540.92,168.735,"ramping",119.6278,0.598,43.4,72.1029,-7.453,1481.0,40.4723,89.539,55.2,26.51,268.617,8.391,4672.1,4.09,291.5601,268.617,22.9431,49.3831,1.742,0,-0.0,"ramp_limit",276.346,1,"demo_v2",605338760,"synthetic_generator"
"37.5",131.48,11447.7,541.06,181.0859,"ramping",120.5724,0.598,42.7,72.1028,9.835,1479.7,53.5346,94.133,55.2,26.5,282.399,8.394,4815.7,4.08,305.587,282.399,23.188,45.2275,3.8753,0,-0.0,"ramp_limit",269.831,0,"demo_v2",605338760,"synthetic_generator"
"37.6",131.46,11378.1,541.07,111.7256,"ramping",120.1565,0.599,42.7,72.1027,2.216,1480.2,-17.0411,70.682,55.2,26.48,212.046,8.394,4119.8,4.08,234.5754,212.046,22.5294,-18.0843,2.7099,0,0.0,"ramp_limit",277.543,0,"demo_v2",605338760,"synthetic_generator"
"37.7",131.44,11375.7,541.05,104.8951,"ramping",120.4779,0.598,43.1,72.1028,-7.083,1479.9,-30.5896,66.268,55.2,26.49,198.804,8.393,3990.2,4.06,221.3283,198.804,22.5243,-22.4,1.4425,0,-0.0,"ramp_limit",279.186,0,"demo_v2",605338760,"synthetic_generator"
"37.8",131.42,11327.8,540.96,101.5283,"ramping",119.5911,0.598,43.3,72.103,-14.24,1481.0,-32.329,65.442,55.2,26.5,196.326,8.393,3970.0,4.1,218.6821,196.326,22.3561,-16.9956,0.5857,0,-0.0,"ramp_limit",275.96,0,"demo_v2",605338760,"synthetic_generator"
"37.9",131.4,11359.3,541.01,92.2834,"ramping",119.9738,0.598,42.6,72.1033,-19.595,1481.5,-33.1337,65.294,55.0,26.56,195.882,8.392,3939.4,4.1,218.2401,195.882,22.3581,-12.4475,0.0097,0,-0.0,"ramp_limit",275.578,0,"demo_v2",605338760,"synthetic_generator"
"38.0",131.38,11411.5,541.05,96.2117,"ramping",120.0155,0.598,42.9,72.1036,-23.259,1480.1,-32.518,65.27,55.5,26.51,195.81,8.392,3963.9,3.96,218.8775,195.81,23.0675,-8.1646,-0.3402,0,0.0,"ramp_limit",274.329,0,"demo_v2",605338760,"synthetic_generator"
"38.1",131.4,11383.8,540.98,168.6848,"ramping",120.4283,0.598,42.9,72.1037,-5.225,1480.6,40.3605,89.594,55.2,26.52,268.782,8.394,4674.8,4.05,292.1888,268.782,23.4068,47.0465,1.9989,0,0.0,"ramp_limit",269.943,1,"demo_v2",605338760,"synthetic_generator"
"38.2",131.42,11389.7,541.15,183.8105,"ramping",120.8308,0.598,43.1,72.1036,11.439,1481.1,53.5583,94.188,55.5,26.53,282.564,8.396,4820.3,4.13,305.8091,282.564,23.2451,43.6483,3.821,0,0.0,"ramp_limit",271.228,0,"demo_v2",605338760,"synthetic_generator"
"38.3",131.4,11376.6,540.98,115.3573,"ramping",119.7895,0.598,42.5,72.1035,3.502,1478.7,-16.5589,70.743,55.2,26.51,212.229,8.397,4117.3,4.17,234.6306,212.229,22.4016,-18.8878,3.012,0,0.0,"ramp_limit",281.607,0,"demo_v2",605338760,"synthetic_generator"
"38.4",131.38,11429.9,541.12,102.926,"ramping",119.1335,0.598,43.0,72.1036,-5.659,1478.1,-28.8174,66.331,54.9,26.53,198.993,8.396,3982.1,4.08,221.6961,198.993,22.7031,-22.0499,1.6176,0,-0.0,"ramp_limit",281.173,0,"demo_v2",605338760,"synthetic_generator"
"38.5",131.36,11422.8,541.09,98.2003,"ramping",119.08,0.598,42.8,72.1038,-12.84,1478.2,-30.9921,65.483,55.0,26.54,196.449,8.396,3965.3,4.02,219.4479,196.449,22.9989,-17.0549,0.6042,0,0.0,"ramp_limit",267.285,0,"demo_v2",605338760,"synthetic_generator"
"38.6",131.34,11373.9,541.03,100.9512,"ramping",119.2791,0.598,42.8,72.104,-18.279,1479.2,-32.0267,65.342,55.0,26.5,196.026,8.395,3962.6,4.12,218.5924,196.026,22.5664,-12.6547,0.0731,0,0.0,"ramp_limit",280.252,0,"demo_v2",605338760,"synthetic_generator"
"38.7",131.32,11379.0,541.01,93.1833,"ramping",119.6098,0.599,43.2,72.1043,-22.158,1479.6,-31.9618,65.304,55.2,26.5,195.912,8.395,3956.4,4.02,218.968,195.912,23.056,-8.709,-0.1788,0,0.0,"ramp_limit",268.979,0,"demo_v2",605338760,"synthetic_generator"
"38.8",131.3,11406.5,541.04,86.8618,"ramping",119.8646,0.598,43.0,72.1047,-24.99,1479.5,-32.1494,65.325,55.1,26.5,195.975,8.394,3955.2,4.03,219.0152,195.975,23.0402,-6.0643,-0.6884,0,0.0,"ramp_limit",285.025,0,"demo_v2",605338760,"synthetic_generator"
"38.9",131.32,11410.6,540.88,177.9452,"ramping",120.0327,0.598,42.5,72.1048,-6.195,1478.7,41.313,89.646,55.6,26.49,268.938,8.396,4684.3,4.05,292.6657,268.938,23.7277,48.9713,1.6803,0,0.0,"ramp_limit",267.867,1,"demo_v2",605338760,"synthetic_generator"
"39.0",131.34,11390.2,541.14,188.5833,"ramping",118.6872,0.598,42.9,72.1046,11.478,1481.3,56.1527,94.211,55.3,26.5,282.633,8.399,4817.1,4.13,306.1799,282.633,23.5469,46.2056,3.8385,0,-0.0,"ramp_limit",259.401,0,"demo_v2",605338760,"synthetic_generator"
"39.1",131.32,11344.6,541.04,115.7013,"ramping",118.9505,0.598,42.9,72.1045,3.98,1480.5,-14.9752,70.744,55.4,26.53,212.232,8.399,4113.7,4.09,235.2953,212.232,23.0633,-17.7787,2.9956,0,-0.0,"ramp_limit",272.904,0,"demo_v2",605338760,"synthetic_generator"
"39.2",131.3,11435.6,541.11,103.7562,"ramping",120.3891,0.598,42.8,72.1046,-5.716,1480.5,-30.2237,66.298,55.1,26.5,198.894,8.399,3997.6,4.18,221.4654,198.894,22.5714,-23.4003,1.5682,0,0.0,"ramp_limit",266.955,0,"demo_v2",605338760,"synthetic_generator"
"39.3",131.28,11386.5,540.99,103.9024,"ramping",119.2678,0.598,43.0,72.1048,-12.832,1480.2,-30.8186,65.456,55.4,26.47,196.368,8.398,3967.1,4.01,219.7292,196.368,23.3612,-16.8879,0.643,0,0.0,"ramp_limit",271.32,0,"demo_v2",605338760,"synthetic_generator"
"39.4",131.26,11385.4,541.02,94.5419,"ramping",119.4121,0.598,42.1,72.1051,-18.146,1480.9,-31.578,65.3,55.0,26.53,195.9,8.398,3959.1,4.05,219.0941,195.9,23.1941,-12.3365,0.1025,0,0.0,"ramp_limit",274.435,0,"demo_v2",605338760,"synthetic_generator"
"39.5",131.24,11361.7,540.97,101.9275,"ramping",120.3679,0.598,43.4,72.1054,-22.419,1479.4,-33.2213,65.251,55.4,26.52,195.753,8.397,3965.5,4.18,218.3866,195.753,22.6336,-9.7104,-0.3258,0,0.0,"ramp_limit",265.567,0,"demo_v2",605338760,"synthetic_generator"
"39.6",131.22,11445.5,540.97,93.6528,"ramping",119.9003,0.598,43.6,72.1057,-25.214,1478.4,-32.2793,65.247,55.5,26.49,195.741,8.397,3942.3,4.08,218.841,195.741,23.1,-5.9711,-0.6241,0,-0.0,"ramp_limit",274.774,0,"demo_v2",605338760,"synthetic_generator"
"39.7",131.24,11332.0,541.08,174.7787,"ramping",120.0527,0.598,43.2,72.1058,-6.364,1481.3,41.2829,89.577,55.5,26.5,268.731,8.399,4682.0,4.09,292.5756,268.731,23.8446,49.1097,1.7938,0,-0.0,"ramp_limit",272.524,1,"demo_v2",605338760,"synthetic_generator"
"39.8",131.26,11414.5,541.07,187.601,"ramping",119.12,0.598,43.1,72.1056,11.455,1481.6,56.4979,94.167,55.6,26.53,282.501,8.401,4824.3,4.02,306.8779,282.501,24.3769,46.5773,3.9511,0,0.0,"ramp_limit",271.774,0,"demo_v2",605338760,"synthetic_generator"
"39.9",131.24,11372.4,541.0,115.015,"ramping",120.27,0.598,42.5,72.1056,3.766,1479.6,-15.6716,70.707,55.5,26.52,212.121,8.401,4127.9,4.02,235.8384,212.121,23.7174,-18.2584,2.8811,0,0.0,"ramp_limit",277.324,0,"demo_v2",605338760,"synthetic_generator"
"40.0",131.22,11373.6,541.07,100.9728,"ramping",119.5158,0.598,43.0,72.1057,-5.377,1480.7,-28.4882,66.278,55.4,26.51,198.834,8.401,3984.2,4.06,222.2476,198.834,23.4136,-22.0,1.8319,0,0.0,"ramp_limit",275.761,0,"demo_v2",605338760,"synthetic_generator"
"40.1",131.2,11378.2,541.01,100.6327,"ramping",120.3925,0.598,43.0,72.1058,-12.908,1479.6,-31.9418,65.422,55.4,26.52,196.266,8.4,3971.1,4.07,219.6507,196.266,23.3847,-17.9355,0.8409,0,-0.0,"ramp_limit",266.014,0,"demo_v2",605338760,"synthetic_generator"
"40.2",131.18,11384.2,541.03,95.8856,"ramping",120.0537,0.598,43.1,72.1061,-18.347,1479.5,-32.0968,65.255,55.3,26.53,195.765,8.4,3974.1,4.08,219.1369,195.765,23.3719,-12.6541,0.0454,0,-0.0,"ramp_limit",270.853,0,"demo_v2",605338760,"synthetic_generator"
"40.3",131.16,11411.1,541.05,96.124,"ramping",119.8276,0.598,42.7,72.1064,-22.163,1478.5,-31.8081,65.233,55.4,26.5,195.699,8.399,3955.2,4.06,219.1795,195.699,23.4805,-8.5492,-0.4354,0,0.0,"ramp_limit",278.552,0,"demo_v2",605338760,"synthetic_generator"
"40.4",131.14,11414.4,541.05,102.726,"ramping",119.4271,0.598,43.4,72.1068,-24.806,1478.8,-31.4881,65.233,55.1,26.48,195.699,8.399,3966.3,4.09,219.079,195.699,23.38,-5.5867,-0.7573,0,-0.0,"ramp_limit",277.704,0,"demo_v2",605338760,"synthetic_generator"
"40.5",131.16,11445.6,540.96,170.8598,"ramping",120.0992,0.598,43.0,72.1068,-5.949,1481.1,41.7157,89.579,55.3,26.5,268.737,8.401,4677.2,4.07,292.9749,268.737,24.2379,49.1296,1.6833,0,0.0,"ramp_limit",281.262,1,"demo_v2",605338760,"synthetic_generator"
"40.6",131.18,11421.2,541.01,196.7797,"ramping",120.0706,0.598,43.0,72.1067,11.647,1478.0,56.1273,94.165,55.4,26.55,282.495,8.403,4823.2,3.98,307.3779,282.495,24.8829,46.0172,4.1989,0,0.0,"ramp_limit",271.368,0,"demo_v2",605338760,"synthetic_generator"
"40.7",131.16,11379.2,541.0,113.9476,"ramping",118.5358,0.598,43.1,72.1066,4.348,1479.3,-14.1012,70.68,55.2,26.5,212.04,8.403,4140.9,4.12,235.5946,212.04,23.5546,-17.2713,2.8812,0,0.0,"ramp_limit",266.697,0,"demo_v2",605338760,"synthetic_generator"
"40.8",131.14,11374.3,541.05,102.1702,"ramping",119.7419,0.598,43.1,72.1067,-4.994,1479.2,-28.6093,66.246,55.5,26.53,198.738,8.403,3994.1,4.1,222.2726,198.738,23.5346,-22.5039,1.6954,0,-0.0,"ramp_limit",275.053,0,"demo_v2",605338760,"synthetic_generator"
"40.9",131.12,11414.1,541.1,101.4185,"ramping",119.4651,0.598,42.9,72.1069,-12.353,1479.4,-30.9538,65.399,55.2,26.5,196.197,8.402,3957.3,4.12,219.6313,196.197,23.4343,-17.5027,0.8168,0,0.0,"ramp_limit",271.596,0,"demo_v2",605338760,"synthetic_generator"
"41.0",131.1,11375.9,541.02,103.2778,"ramping",119.4466,0.598,42.9,72.1071,-17.717,1480.3,-31.2763,65.249,55.6,26.5,195.747,8.402,3967.7,4.11,219.2703,195.747,23.5233,-12.463,0.2508,0,0.0,"ramp_limit",279.411,0,"demo_v2",605338760,"synthetic_generator"
"41.1",131.08,11420.9,541.07,102.085,"ramping",118.9526,0.598,42.9,72.1074,-21.37,1479.5,-30.6041,65.234,55.1,26.52,195.702,8.402,3947.3,4.07,219.4285,195.702,23.7265,-8.1369,-0.4929,0,-0.0,"ramp_limit",283.013,0,"demo_v2",605338760,"synthetic_generator"
"41.2",131.06,11421.6,541.08,108.1632,"ramping",118.9462,0.598,43.1,72.1077,-23.999,1479.4,-30.6429,65.226,55.1,26.49,195.678,8.401,3971.5,4.09,219.3633,195.678,23.6853,-5.5471,-0.6258,0,0.0,"ramp_limit",275.425,0,"demo_v2",605338760,"synthetic_generator"
"41.3",131.08,11402.6,541.03,170.7446,"ramping",118.9881,0.598,42.7,72.1078,-4.913,1480.5,43.3319,89.552,55.2,26.52,268.656,8.403,4684.9,4.03,293.4,268.656,24.744,49.7119,1.8096,0,0.0,"ramp_limit",273.036,1,"demo_v2",605338760,"synthetic_generator"
"41.4",131.1,11379.0,541.06,181.2771,"ramping",119.8961,0.598,42.2,72.1076,12.392,1480.5,56.1332,94.162,55.2,26.54,282.486,8.405,4823.7,4.09,307.1293,282.486,24.6433,45.2768,3.893,0,0.0,"ramp_limit",283.188,0,"demo_v2",605338760,"synthetic_generator"
"41.5",131.08,11360.6,541.07,115.1564,"ramping",120.0125,0.598,42.5,72.1076,4.67,1478.6,-14.8488,70.689,55.3,26.56,212.067,8.405,4125.5,4.05,236.2437,212.067,24.1767,-18.3375,2.8645,0,-0.0,"ramp_limit",273.63,0,"demo_v2",605338760,"synthetic_generator"
"41.6",131.06,11397.5,540.98,110.7732,"ramping",119.9623,0.598,43.2,72.1076,-4.623,1479.2,-28.1117,66.245,55.2,26.52,198.735,8.405,3992.5,4.03,222.9106,198.735,24.1756,-22.3741,1.5506,0,-0.0,"ramp_limit",271.61,0,"demo_v2",605338760,"synthetic_generator"
"41.7",131.04,11371.5,541.02,96.283,"ramping",119.2552,0.598,42.7,72.1078,-11.915,1477.7,-30.35,65.403,55.4,26.53,196.209,8.405,3963.0,4.12,219.9452,196.209,23.7362,-17.3353,0.8299,0,-0.0,"ramp_limit",274.757,0,"demo_v2",605338760,"synthetic_generator"
"41.8",131.02,11392.6,541.11,106.5115,"ramping",120.0799,0.598,42.8,72.108,-17.623,1480.2,-32.0502,65.237,55.4,26.5,195.711,8.404,3958.1,4.21,219.0497,195.711,23.3387,-13.3319,-0.027,0,-0.0,"ramp_limit",274.008,0,"demo_v2",605338760,"synthetic_generator"
"41.9",131.0,11401.9,541.12,96.2964,"ramping",119.7786,0.599,43.2,72.1083,-21.412,1480.0,-30.9882,65.205,55.3,26.5,195.615,8.404,3947.9,4.04,219.7904,195.615,24.1754,-8.4772,-0.2695,0,0.0,"ramp_limit",276.25,0,"demo_v2",605338760,"synthetic_generator"
"42.0",131.02,11390.3,541.09,181.3945,"ramping",119.7045,0.599,42.9,72.1084,-3.198,1479.6,42.8419,89.536,55.2,26.52,268.608,8.405,4679.5,4.04,293.5664,268.608,24.9584,47.5077,2.0998,0,-0.0,"ramp_limit",278.971,1,"demo_v2",605338760,"synthetic_generator"
"42.1",131.04,11387.0,541.07,192.7147,"ramping",118.8741,0.598,42.7,72.1082,13.914,1478.6,57.1674,94.135,55.2,26.54,282.405,8.408,4833.7,4.14,307.0815,282.405,24.6765,44.7888,3.9525,0,-0.0,"ramp_limit",279.602,0,"demo_v2",605338760,"synthetic_generator"
"42.2",131.02,11344.9,541.08,118.362,"ramping",120.3977,0.599,43.4,72.1081,5.767,1480.9,-14.825,70.665,55.4,26.55,211.995,8.408,4126.7,4.02,236.5927,211.995,24.5977,-19.409,2.9603,0,-0.0,"ramp_limit",275.777,0,"demo_v2",605338760,"synthetic_generator"
"42.3",131.0,11403.3,541.07,115.0818,"ramping",118.8241,0.598,42.6,72.1082,-3.557,1478.4,-27.1276,66.231,55.6,26.56,198.693,8.407,3998.0,4.12,222.6965,198.693,24.0035,-22.4571,1.7685,0,-0.0,"ramp_limit",277.236,0,"demo_v2",605338760,"synthetic_generator"
"42.4",130.98,11377.4,541.05,94.6289,"ramping",119.7309,0.598,43.2,72.1083,-11.149,1478.5,-30.3381,65.395,55.5,26.5,196.185,8.407,3955.2,4.08,220.3728,196.185,24.1878,-18.0872,0.5826,0,-0.0,"ramp_limit",278.55,0,"demo_v2",605338760,"synthetic_generator"
"42.5",130.96,11426.2,541.08,94.4965,"ramping",120.2681,0.598,43.4,72.1085,-16.892,1480.5,-31.4097,65.244,55.3,26.5,195.732,8.406,3970.9,4.11,219.8184,195.732,24.0864,-13.4186,0.0255,0,-0.0,"ramp_limit",281.686,0,"demo_v2",605338760,"synthetic_generator"
"42.6",130.94,11389.8,541.1,91.7432,"ramping",119.5911,0.598,42.7,72.1088,-20.933,1479.6,-31.1465,65.221,55.3,26.52,195.663,8.406,3960.2,4.19,219.3846,195.663,23.7216,-9.1166,-0.4068,0,-0.0,"ramp_limit",281.242,0,"demo_v2",605338760,"synthetic_generator"
"42.7",130.92,11383.3,541.04,100.3682,"ramping",120.6439,0.599,43.0,72.1092,-23.911,1478.4,-31.44,65.231,54.6,26.53,195.693,8.405,3955.4,4.05,220.1239,195.693,24.4309,-6.4284,-0.6899,0,-0.0,"ramp_limit",285.839,0,"demo_v2",605338760,"synthetic_generator"
"42.8",130.94,11379.3,541.12,177.6189,"ramping",119.993,0.599,42.5,72.1092,-5.033,1481.2,42.6878,89.585,55.3,26.52,268.755,8.407,4688.1,4.12,293.6208,268.755,24.8658,49.1889,1.7409,0,0.0,"ramp_limit",288.569,1,"demo_v2",605338760,"synthetic_generator"
"42.9",130.96,11413.1,541.06,194.0144,"ramping",119.7796,0.599,43.0,72.1091,12.532,1479.6,56.9296,94.171,55.2,26.54,282.513,8.41,4826.1,4.1,307.6692,282.513,25.1562,45.9359,3.9154,0,0.0,"ramp_limit",274.287,0,"demo_v2",605338760,"synthetic_generator"
"43.0",130.94,11383.9,541.0,124.9789,"ramping",119.2371,0.599,42.6,72.109,5.291,1477.5,-13.0111,70.702,55.6,26.52,212.106,8.41,4133.6,3.99,237.166,212.106,25.06,-17.1163,2.8491,0,-0.0,"ramp_limit",278.149,0,"demo_v2",605338760,"synthetic_generator"
"43.1",130.92,11423.5,541.04,104.0658,"ramping",119.7342,0.599,43.0,72.109,-3.9,1479.0,-27.1316,66.277,55.4,26.52,198.831,8.409,3992.5,4.04,223.5226,198.831,24.6916,-22.114,1.5776,0,-0.0,"ramp_limit",282.217,0,"demo_v2",605338760,"synthetic_generator"
"43.2",130.9,11399.4,541.05,95.0481,"ramping",120.3324,0.599,43.0,72.1092,-11.373,1479.7,-30.2646,65.427,55.0,26.59,196.281,8.409,3956.7,4.04,220.9678,196.281,24.6868,-17.7868,0.6628,0,-0.0,"ramp_limit",273.822,0,"demo_v2",605338760,"synthetic_generator"
"43.3",130.88,11406.9,541.06,104.72,"ramping",119.8248,0.598,43.3,72.1094,-16.766,1478.7,-30.398,65.297,55.1,26.53,195.891,8.408,3958.7,4.1,220.3068,195.891,24.4158,-12.5305,-0.0318,0,-0.0,"ramp_limit",291.999,0,"demo_v2",605338760,"synthetic_generator"
"43.4",130.86,11418.9,541.14,102.675,"ramping",119.6793,0.598,42.9,72.1097,-20.464,1479.2,-29.8121,65.255,55.5,26.55,195.765,8.408,3962.6,4.0,220.7272,195.765,24.9622,-8.2445,-0.3737,0,-0.0,"ramp_limit",274.607,0,"demo_v2",605338760,"synthetic_generator"
"43.5",130.84,11395.0,541.1,110.7781,"ramping",120.3386,0.599,42.8,72.11,-23.395,1479.0,-30.8047,65.231,55.2,26.53,195.693,8.407,3961.1,4.06,220.3739,195.693,24.6809,-6.3078,-0.6624,0,-0.0,"ramp_limit",271.709,0,"demo_v2",605338760,"synthetic_generator"
"43.6",130.86,11390.8,541.14,176.9627,"ramping",120.2696,0.599,42.4,72.1101,-4.544,1478.5,43.1063,89.573,55.2,26.54,268.719,8.409,4695.3,4.05,294.2359,268.719,25.5169,49.1214,1.646,0,-0.0,"ramp_limit",284.008,1,"demo_v2",605338760,"synthetic_generator"
"43.7",130.88,11372.8,541.08,191.7124,"ramping",119.2835,0.599,43.3,72.1099,13.115,1480.5,57.7541,94.144,55.2,26.55,282.432,8.412,4813.9,4.09,307.9176,282.432,25.4856,46.1787,3.9869,0,0.0,"ramp_limit",268.834,0,"demo_v2",605338760,"synthetic_generator"
"43.8",130.86,11390.9,541.09,119.9526,"ramping",118.4006,0.599,43.4,72.1098,5.887,1479.8,-12.3827,70.686,55.4,26.57,212.058,8.412,4113.6,4.09,236.8779,212.058,24.8199,-17.0853,3.0131,0,-0.0,"ramp_limit",284.134,0,"demo_v2",605338760,"synthetic_generator"
"43.9",130.84,11410.1,541.15,111.5751,"ramping",119.764,0.599,43.2,72.1099,-3.46,1480.0,-27.0863,66.262,55.4,26.52,198.786,8.411,3994.4,4.09,223.5177,198.786,24.7317,-22.5087,1.6433,0,0.0,"ramp_limit",283.957,0,"demo_v2",605338760,"synthetic_generator"
"44.0",130.82,11376.5,541.07,97.2491,"ramping",120.3299,0.599,43.3,72.11,-11.038,1480.0,-30.1954,65.427,55.3,26.56,196.281,8.411,3956.6,4.1,220.9545,196.281,24.6735,-18.0526,0.6726,0,0.0,"ramp_limit",281.6,0,"demo_v2",605338760,"synthetic_generator"
"44.1",130.8,11381.1,541.05,97.7411,"ramping",120.2808,0.598,43.2,72.1103,-16.64,1479.9,-30.799,65.25,55.1,26.55,195.75,8.41,3985.3,4.14,220.2818,195.75,24.5318,-13.0576,-0.0259,0,-0.0,"ramp_limit",272.172,0,"demo_v2",605338760,"synthetic_generator"
"44.2",130.78,11469.5,541.03,99.7903,"ramping",120.3121,0.599,43.2,72.1106,-20.652,1481.4,-30.7945,65.221,55.4,26.56,195.663,8.41,3958.6,4.12,220.2976,195.663,24.6346,-9.041,-0.3155,0,0.0,"ramp_limit",281.507,0,"demo_v2",605338760,"synthetic_generator"
"44.3",130.8,11385.8,541.03,170.3682,"ramping",119.7948,0.599,43.6,72.1106,-2.448,1480.3,43.5687,89.549,55.5,26.55,268.647,8.411,4689.9,4.1,294.1635,268.647,25.5165,47.4875,2.0616,0,0.0,"ramp_limit",280.786,1,"demo_v2",605338760,"synthetic_generator"
"44.4",130.82,11411.7,541.1,188.6792,"ramping",119.8822,0.598,42.9,72.1104,14.627,1480.4,57.7861,94.161,55.1,26.55,282.483,8.414,4815.2,4.04,308.4883,282.483,26.0053,44.7015,4.0472,0,0.0,"ramp_limit",288.912,0,"demo_v2",605338760,"synthetic_generator"
"44.5",130.8,11424.2,541.06,115.6,"ramping",119.1947,0.598,42.7,72.1103,6.967,1481.2,-12.3963,70.712,55.3,26.6,212.136,8.414,4132.0,4.02,237.5984,212.136,25.4624,-18.1753,3.0015,0,-0.0,"ramp_limit",289.323,0,"demo_v2",605338760,"synthetic_generator"
"44.6",130.78,11395.4,541.03,104.5816,"ramping",119.7127,0.599,43.3,72.1103,-2.538,1479.0,-26.564,66.278,55.3,26.62,198.834,8.413,3995.4,4.07,223.9287,198.834,25.0947,-22.9064,1.8171,0,0.0,"ramp_limit",280.669,0,"demo_v2",605338760,"synthetic_generator"
"44.7",130.76,11357.9,541.01,104.7922,"ramping",119.3751,0.599,42.6,72.1105,-9.895,1480.3,-28.4901,65.444,55.2,26.59,196.332,8.413,3973.9,4.03,221.645,196.332,25.313,-17.4869,0.6535,0,0.0,"ramp_limit",282.792,0,"demo_v2",605338760,"synthetic_generator"
"44.8",130.74,11370.0,541.07,104.7886,"ramping",120.1816,0.599,43.3,72.1107,-15.644,1481.3,-30.1752,65.31,55.4,26.56,195.93,8.412,3964.4,4.13,220.7464,195.93,24.8164,-13.4275,0.0513,0,-0.0,"ramp_limit",292.888,0,"demo_v2",605338760,"synthetic_generator"
"44.9",130.72,11388.3,541.09,103.386,"ramping",119.385,0.599,42.8,72.111,-19.509,1480.1,-29.2791,65.275,55.3,26.55,195.825,8.412,3966.6,4.1,220.8259,195.825,25.0009,-8.666,-0.1842,0,0.0,"ramp_limit",279.843,0,"demo_v2",605338760,"synthetic_generator"
"45.0",130.74,11389.9,541.12,169.4014,"ramping",119.0839,0.599,43.1,72.111,-1.365,1480.9,44.4978,89.581,55.4,26.55,268.743,8.414,4698.7,4.14,294.3217,268.743,25.5787,47.3344,1.9275,0,0.0,"ramp_limit",272.163,1,"demo_v2",605338760,"synthetic_generator"
"45.1",130.76,11408.1,541.0,189.523,"ramping",120.0043,0.599,43.3,72.1108,15.52,1479.9,58.2019,94.195,55.3,26.59,282.585,8.416,4823.7,4.02,308.9662,282.585,26.3812,44.2267,3.9958,0,-0.0,"ramp_limit",291.271,0,"demo_v2",605338760,"synthetic_generator"
"45.2",130.74,11449.2,541.18,120.5984,"ramping",119.6218,0.598,42.9,72.1107,7.603,1481.4,-12.4095,70.749,55.3,26.58,212.247,8.416,4113.1,4.02,237.9523,212.247,25.7053,-18.8228,2.9352,0,-0.0,"ramp_limit",291.587,0,"demo_v2",605338760,"synthetic_generator"
"45.3",130.72,11370.8,541.08,100.7912,"ramping",119.8611,0.599,42.9,72.1107,-1.961,1480.2,-26.136,66.317,55.3,26.54,198.951,8.416,3978.0,4.04,224.4451,198.951,25.4941,-23.0528,1.6151,0,-0.0,"ramp_limit",282.736,0,"demo_v2",605338760,"synthetic_generator"
"45.4",130.7,11413.2,541.05,97.9249,"ramping",119.2135,0.599,43.6,72.1108,-9.406,1479.3,-28.2242,65.457,55.4,26.53,196.371,8.415,3983.4,4.08,221.6893,196.371,25.3183,-17.7097,0.8406,0,0.0,"ramp_limit",272.569,0,"demo_v2",605338760,"synthetic_generator"
"45.5",130.68,11332.6,541.15,95.7434,"ramping",119.8103,0.599,42.9,72.111,-14.939,1478.5,-28.9244,65.286,55.1,26.55,195.858,8.415,3970.4,4.01,221.5659,195.858,25.7079,-12.8776,-0.0982,0,0.0,"ramp_limit",277.088,0,"demo_v2",605338760,"synthetic_generator"
"45.6",130.66,11378.2,541.04,96.2449,"ramping",119.8784,0.599,43.0,72.1113,-19.013,1480.3,-29.3103,65.259,55.4,26.52,195.777,8.414,3951.6,4.06,221.2281,195.777,25.4511,-9.1911,-0.4045,0,0.0,"ramp_limit",284.127,0,"demo_v2",605338760,"synthetic_generator"
"45.7",130.64,11411.8,541.18,96.3945,"ramping",120.7277,0.599,43.0,72.1116,-22.158,1478.3,-30.1104,65.251,54.9,26.6,195.753,8.413,3975.1,4.06,221.2573,195.753,25.5043,-6.8461,-0.7257,0,-0.0,"ramp_limit",282.567,0,"demo_v2",605338760,"synthetic_generator"
"45.8",130.66,11416.1,541.08,179.9458,"ramping",119.5246,0.598,43.2,72.1116,-3.17,1480.3,44.8275,89.588,55.2,26.54,268.764,8.415,4669.3,4.06,295.0121,268.764,26.2481,49.4725,1.5354,0,0.0,"ramp_limit",284.842,1,"demo_v2",605338760,"synthetic_generator"
"45.9",130.68,11358.6,541.05,201.9473,"ramping",119.1147,0.598,42.3,72.1114,14.558,1482.3,59.3706,94.216,55.2,26.6,282.648,8.418,4831.8,4.05,309.1653,282.648,26.5173,46.3585,3.8577,0,0.0,"ramp_limit",298.417,0,"demo_v2",605338760,"synthetic_generator"
"46.0",130.66,11382.0,541.16,117.1759,"ramping",119.431,0.598,42.9,72.1113,6.985,1480.8,-12.1587,70.748,55.4,26.55,212.244,8.418,4128.3,4.08,237.9323,212.244,25.6883,-17.9541,2.8191,0,0.0,"ramp_limit",282.673,0,"demo_v2",605338760,"synthetic_generator"
"46.1",130.64,11430.6,541.15,99.7666,"ramping",119.2846,0.598,42.8,72.1114,-2.15,1479.2,-25.242,66.333,55.4,26.53,198.999,8.417,3987.1,4.06,224.6826,198.999,25.6836,-21.9686,1.5739,0,0.0,"ramp_limit",291.831,0,"demo_v2",605338760,"synthetic_generator"
"46.2",130.62,11375.9,541.05,99.5736,"ramping",119.6274,0.598,43.0,72.1115,-9.464,1479.4,-27.9502,65.483,55.2,26.56,196.449,8.417,3960.3,4.03,222.2972,196.449,25.8482,-17.3747,0.6744,0,0.0,"ramp_limit",278.182,0,"demo_v2",605338760,"synthetic_generator"
"46.3",130.6,11483.6,541.08,92.4235,"ramping",119.5878,0.598,43.5,72.1117,-14.944,1480.1,-28.7967,65.329,55.4,26.6,195.987,8.416,3965.3,4.12,221.3911,195.987,25.4041,-12.7457,0.0751,0,-0.0,"ramp_limit",285.689,0,"demo_v2",605338760,"synthetic_generator"
"46.4",130.58,11387.6,541.09,94.0198,"ramping",120.3353,0.598,42.9,72.112,-19.035,1480.0,-29.3755,65.283,55.4,26.55,195.849,8.416,3959.3,4.07,221.5398,195.849,25.6908,-9.2328,-0.3216,0,0.0,"ramp_limit",277.48,0,"demo_v2",605338760,"synthetic_generator"
"46.5",130.56,11418.5,541.09,106.5507,"ramping",119.6072,0.598,42.3,72.1123,-21.749,1481.5,-28.6094,65.276,55.4,26.56,195.828,8.415,3969.0,4.07,221.5578,195.828,25.7298,-5.7526,-0.724,0,-0.0,"ramp_limit",283.544,0,"demo_v2",605338760,"synthetic_generator"
"46.6",130.58,11374.5,541.16,172.4224,"ramping",119.6962,0.598,43.0,72.1123,-2.599,1478.4,45.8061,89.621,55.4,26.6,268.863,8.417,4689.7,3.94,296.0823,268.863,27.2193,49.8856,1.7374,0,-0.0,"ramp_limit",290.165,1,"demo_v2",605338760,"synthetic_generator"
"46.7",130.6,11443.0,541.15,189.7286,"ramping",119.028,0.598,43.2,72.1121,15.131,1480.6,59.9494,94.218,55.4,26.53,282.654,8.419,4843.5,4.03,309.5774,282.654,26.9234,46.3663,3.8603,0,-0.0,"ramp_limit",285.234,0,"demo_v2",605338760,"synthetic_generator"
"46.8",130.58,11369.4,541.12,118.8481,"ramping",119.5578,0.598,43.1,72.112,7.455,1480.8,-11.9493,70.772,55.3,26.58,212.316,8.419,4136.1,4.1,238.1885,212.316,25.8725,-18.2134,2.8414,0,-0.0,"ramp_limit",294.183,0,"demo_v2",605338760,"synthetic_generator"
"46.9",130.56,11385.0,541.1,102.4156,"ramping",118.8989,0.598,42.8,72.112,-1.511,1482.1,-24.1745,66.331,55.0,26.55,198.993,8.419,3981.1,4.0,225.2844,198.993,26.2914,-21.5371,1.6239,0,-0.0,"ramp_limit",281.031,0,"demo_v2",605338760,"synthetic_generator"
"47.0",130.54,11403.5,541.11,98.9402,"ramping",117.7708,0.598,42.8,72.1121,-8.443,1478.6,-25.9661,65.473,55.3,26.59,196.419,8.418,3969.9,4.07,222.3447,196.419,25.9257,-16.4114,0.8287,0,-0.0,"ramp_limit",275.626,0,"demo_v2",605338760,"synthetic_generator"
"47.1",130.52,11442.8,541.07,95.8197,"ramping",119.03,0.598,42.6,72.1123,-13.853,1480.3,-27.5264,65.311,55.1,26.57,195.933,8.418,3942.5,4.04,222.0236,195.933,26.0906,-12.5632,0.1866,0,0.0,"ramp_limit",283.58,0,"demo_v2",605338760,"synthetic_generator"
"47.2",130.5,11469.8,541.12,100.6136,"ramping",119.2961,0.598,43.2,72.1126,-17.887,1481.4,-28.0837,65.267,55.4,26.55,195.801,8.417,3951.5,4.08,221.7124,195.801,25.9114,-9.0881,-0.2961,0,0.0,"ramp_limit",279.06,0,"demo_v2",605338760,"synthetic_generator"
"47.3",130.52,11436.6,541.09,171.7828,"ramping",119.9325,0.598,43.3,72.1126,0.006,1480.1,45.2326,89.589,55.4,26.58,268.767,8.419,4691.5,4.04,295.6851,268.767,26.9181,46.705,1.9815,0,-0.0,"ramp_limit",283.036,1,"demo_v2",605338760,"synthetic_generator"
"47.4",130.54,11413.2,541.16,193.3056,"ramping",119.902,0.598,43.0,72.1123,16.739,1478.7,59.0372,94.173,55.1,26.58,282.519,8.421,4844.8,4.07,309.4792,282.519,26.9602,43.8456,4.0051,0,-0.0,"ramp_limit",280.945,0,"demo_v2",605338760,"synthetic_generator"
"47.5",130.52,11402.3,541.11,108.987,"ramping",119.9789,0.598,43.0,72.1122,8.459,1479.7,-12.4712,70.711,55.1,26.55,212.133,8.421,4120.5,4.14,238.0277,212.133,25.8947,-19.7401,2.672,0,0.0,"ramp_limit",287.659,0,"demo_v2",605338760,"synthetic_generator"
"47.6",130.5,11448.6,541.14,108.6612,"ramping",119.5117,0.598,42.5,72.1122,-1.003,1479.5,-24.9208,66.294,55.4,26.62,198.882,8.421,3975.9,4.06,225.0909,198.882,26.2089,-22.7924,1.7474,0,0.0,"ramp_limit",292.693,0,"demo_v2",605338760,"synthetic_generator"
"47.7",130.48,11367.1,541.17,101.5634,"ramping",118.8752,0.598,43.3,72.1124,-8.344,1479.8,-26.9007,65.448,55.1,26.55,196.344,8.42,3957.6,4.08,222.4545,196.344,26.1105,-17.4445,0.7534,0,-0.0,"ramp_limit",282.153,0,"demo_v2",605338760,"synthetic_generator"
"47.8",130.46,11412.2,541.13,97.1703,"ramping",119.4173,0.598,43.2,72.1125,-13.88,1481.2,-27.874,65.29,55.4,26.58,195.87,8.42,3951.7,4.08,222.0033,195.87,26.1333,-12.884,0.0418,0,-0.0,"ramp_limit",286.061,0,"demo_v2",605338760,"synthetic_generator"
"47.9",130.44,11357.1,541.19,102.3058,"ramping",120.0057,0.598,43.2,72.1128,-18.043,1478.5,-28.5666,65.259,55.0,26.57,195.777,8.419,3946.2,4.09,221.8791,195.777,26.1021,-9.4142,-0.3628,0,-0.0,"ramp_limit",286.166,0,"demo_v2",605338760,"synthetic_generator"
"48.0",130.42,11340.3,541.07,101.275,"ramping",120.0722,0.598,42.9,72.1131,-21.064,1479.5,-28.6984,65.245,55.3,26.54,195.735,8.418,3982.3,4.11,221.7938,195.735,26.0588,-6.5254,-0.5585,0,0.0,"ramp_limit",282.926,0,"demo_v2",605338760,"synthetic_generator"
"48.1",130.44,11432.3,541.1,178.1749,"ramping",119.3681,0.598,43.1,72.1131,-2.008,1481.9,46.1609,89.558,55.2,26.59,268.674,8.42,4675.1,4.02,295.969,268.674,27.295,49.6488,1.7398,0,-0.0,"ramp_limit",277.291,1,"demo_v2",605338760,"synthetic_generator"
"48.2",130.46,11453.8,541.2,189.0211,"ramping",119.3658,0.598,42.8,72.1129,15.57,1481.3,60.0003,94.161,55.0,26.6,282.483,8.423,4838.2,4.05,309.8261,282.483,27.3431,45.9794,4.0027,0,-0.0,"ramp_limit",289.959,0,"demo_v2",605338760,"synthetic_generator"
"48.3",130.44,11341.5,541.16,119.912,"ramping",119.8814,0.598,43.6,72.1128,7.839,1480.0,-11.7015,70.687,55.3,26.6,212.061,8.423,4131.6,4.07,238.6199,212.061,26.5589,-18.3474,2.8719,0,-0.0,"ramp_limit",283.488,0,"demo_v2",605338760,"synthetic_generator"
"48.4",130.42,11386.7,541.13,99.0917,"ramping",118.9268,0.598,43.0,72.1128,-1.17,1480.8,-23.944,66.264,55.2,26.55,198.792,8.422,3987.4,4.04,225.4028,198.792,26.6108,-21.647,1.7041,0,-0.0,"ramp_limit",291.294,0,"demo_v2",605338760,"synthetic_generator"
"48.5",130.4,11418.3,541.07,101.2197,"ramping",119.0104,0.598,42.5,72.1129,-8.465,1479.5,-26.9026,65.414,55.3,26.58,196.242,8.422,3945.1,4.1,222.5078,196.242,26.2658,-17.3251,0.9589,0,0.0,"ramp_limit",280.996,0,"demo_v2",605338760,"synthetic_generator"
"48.6",130.38,11433.0,541.2,90.8653,"ramping",118.6941,0.598,42.7,72.1131,-13.681,1479.5,-26.8657,65.232,55.0,26.59,195.696,8.421,3943.3,4.06,222.2084,195.696,26.5124,-12.0736,0.0076,0,0.0,"ramp_limit",276.646,0,"demo_v2",605338760,"synthetic_generator"
"48.7",130.36,11411.2,541.19,104.3638,"ramping",119.2536,0.598,42.9,72.1134,-17.612,1476.9,-27.5495,65.222,55.1,26.58,195.666,8.42,3966.3,4.09,222.0641,195.666,26.3981,-8.8272,-0.3686,0,-0.0,"ramp_limit",296.293,0,"demo_v2",605338760,"synthetic_generator"
"48.8",130.38,11407.3,541.09,187.5466,"ramping",119.4486,0.598,43.6,72.1134,0.387,1479.2,45.8847,89.556,55.1,26.62,268.668,8.422,4674.8,4.11,295.7133,268.668,27.0453,46.9762,1.9628,0,-0.0,"ramp_limit",290.222,1,"demo_v2",605338760,"synthetic_generator"
"48.9",130.4,11421.2,541.15,192.0043,"ramping",119.8458,0.597,43.1,72.1131,17.158,1480.0,59.5495,94.166,55.2,26.57,282.498,8.425,4820.7,4.1,309.7953,282.498,27.2973,43.9405,3.8637,0,-0.0,"ramp_limit",294.572,0,"demo_v2",605338760,"synthetic_generator"
"49.0",130.409,11381.1,541.18,131.1167,"at_target",119.2876,0.597,42.8,72.113,9.215,1480.2,-10.8629,70.699,55.0,26.62,212.097,8.424,4117.2,4.08,238.8337,212.097,26.7367,-18.8838,2.9385,0,-0.0,"none",287.507,0,"demo_v2",605338760,"synthetic_generator"
"49.1",130.3889,11360.2,541.2,101.5762,"ramping",119.2965,0.597,42.6,72.113,-0.284,1479.8,-24.2931,66.257,54.9,26.6,198.771,8.424,3972.9,4.08,225.3923,198.771,26.6213,-22.8821,1.6932,0,0.0,"ramp_limit",283.769,0,"demo_v2",605338760,"synthetic_generator"
"49.2",130.369,11386.4,541.11,109.2925,"ramping",119.9444,0.597,42.9,72.1131,-7.908,1480.0,-27.1808,65.423,55.4,26.58,196.269,8.423,3962.4,4.04,223.1326,196.269,26.8636,-18.1571,0.6646,0,-0.0,"ramp_limit",289.566,0,"demo_v2",605338760,"synthetic_generator"
"49.3",130.349,11366.6,541.14,103.9909,"ramping",118.9896,0.597,43.5,72.1133,-13.332,1481.4,-27.0423,65.284,55.2,26.58,195.852,8.423,3959.9,4.12,222.2963,195.852,26.4443,-12.5988,-0.1506,0,-0.0,"ramp_limit",296.789,0,"demo_v2",605338760,"synthetic_generator"
"49.4",130.329,11401.8,541.22,97.7068,"ramping",118.7476,0.597,42.7,72.1135,-17.098,1480.6,-26.6175,65.237,55.1,26.58,195.711,8.422,3959.4,4.07,222.4591,195.711,26.7481,-8.4072,-0.3278,0,-0.0,"ramp_limit",280.994,0,"demo_v2",605338760,"synthetic_generator"
"49.5",130.349,11406.9,541.14,180.1334,"ramping",120.3339,0.597,42.9,72.1135,0.629,1478.4,45.4399,89.595,55.3,26.56,268.785,8.424,4668.1,4.1,296.1228,268.785,27.3378,46.2915,1.9082,0,0.0,"ramp_limit",302.189,1,"demo_v2",605338760,"synthetic_generator"
"49.6",130.369,11378.7,541.1,189.1781,"ramping",118.8584,0.597,42.9,72.1133,17.505,1477.8,60.1616,94.175,55.5,26.61,282.525,8.426,4841.3,4.23,309.389,282.525,26.864,44.2036,3.9292,0,0.0,"ramp_limit",282.137,0,"demo_v2",605338760,"synthetic_generator"
"49.7",130.349,11406.3,541.17,121.4894,"ramping",120.3851,0.597,43.0,72.1131,9.304,1479.8,-11.4243,70.702,55.3,26.61,212.106,8.426,4112.6,4.04,239.3098,212.106,27.2038,-19.5318,2.8252,0,0.0,"ramp_limit",285.87,0,"demo_v2",605338760,"synthetic_generator"
"49.8",130.329,11401.6,541.16,109.2595,"ramping",119.2345,0.597,42.4,72.1131,-0.12,1480.3,-23.942,66.262,55.6,26.61,198.786,8.426,3998.0,4.09,225.6215,198.786,26.8355,-22.6939,1.5307,0,0.0,"ramp_limit",285.55,0,"demo_v2",605338760,"synthetic_generator"
"49.9",130.309,11420.7,541.23,105.3393,"ramping",118.9234,0.597,42.3,72.1132,-7.455,1479.9,-25.9952,65.411,55.3,26.58,196.233,8.425,3969.8,4.06,223.2372,196.233,27.0042,-17.424,0.5422,0,-0.0,"ramp_limit",282.744,0,"demo_v2",605338760,"synthetic_generator"
"50.0",130.289,11402.3,541.16,105.1852,"ramping",119.7197,0.597,42.7,72.1134,-13.125,1479.9,-27.4564,65.254,55.2,26.6,195.762,8.425,3952.9,4.1,222.5523,195.762,26.7903,-13.2187,0.0244,0,-0.0,"ramp_limit",289.733,0,"demo_v2",605338760,"synthetic_generator"
"50.1",130.269,11439.8,541.15,101.5419,"ramping",120.1829,0.597,42.6,72.1137,-17.204,1481.1,-27.5142,65.215,55.4,26.59,195.645,8.424,3972.7,4.02,222.9377,195.645,27.2927,-9.1955,-0.4478,0,0.0,"ramp_limit",285.18,0,"demo_v2",605338760,"synthetic_generator"
"50.2",130.249,11416.8,541.24,99.8203,"ramping",119.3059,0.598,42.7,72.1139,-19.905,1477.5,-26.7342,65.211,55.4,26.57,195.633,8.423,3955.1,4.04,222.8207,195.633,27.1877,-5.7151,-0.7366,0,-0.0,"ramp_limit",290.48,0,"demo_v2",605338760,"synthetic_generator"
"50.3",130.269,11421.1,541.14,183.0553,"ramping",119.323,0.598,43.1,72.114,-1.003,1480.7,46.775,89.543,55.3,26.62,268.629,8.425,4685.6,4.08,296.367,268.629,27.738,49.2598,1.6963,0,-0.0,"ramp_limit",289.301,1,"demo_v2",605338760,"synthetic_generator"
"50.4",130.289,11437.4,541.16,191.5066,"ramping",119.3742,0.598,42.3,72.1137,16.358,1479.3,60.2434,94.141,55.2,26.6,282.423,8.428,4824.3,4.16,309.9066,282.423,27.4836,45.435,3.5869,0,0.0,"ramp_limit",290.7,0,"demo_v2",605338760,"synthetic_generator"
"50.5",130.269,11445.0,541.11,127.705,"ramping",120.0171,0.598,43.1,72.1136,8.535,1479.1,-11.2383,70.673,55.1,26.62,212.019,8.427,4117.7,4.12,239.0478,212.019,27.0288,-18.5781,2.7758,0,0.0,"ramp_limit",289.245,0,"demo_v2",605338760,"synthetic_generator"
"50.6",130.249,11407.8,541.09,103.748,"ramping",119.4236,0.598,43.1,72.1136,-0.568,1480.3,-23.5788,66.242,55.2,26.61,198.726,8.427,3974.4,4.04,226.0938,198.726,27.3678,-21.8803,1.3799,0,0.0,"ramp_limit",290.747,0,"demo_v2",605338760,"synthetic_generator"
"50.7",130.229,11401.4,541.09,91.9949,"ramping",120.2164,0.598,42.8,72.1137,-8.093,1480.9,-27.115,65.414,55.3,26.62,196.242,8.426,3953.3,4.09,223.3304,196.242,27.0884,-17.9054,0.6894,0,-0.0,"ramp_limit",294.077,0,"demo_v2",605338760,"synthetic_generator"
"50.8",130.209,11397.2,541.1,99.8008,"ramping",120.4053,0.598,43.2,72.1139,-13.722,1480.5,-27.9496,65.268,55.8,26.57,195.804,8.426,3977.9,4.14,222.6647,195.804,26.8607,-13.1143,-0.0438,0,0.0,"ramp_limit",295.981,0,"demo_v2",605338760,"synthetic_generator"
"50.9",130.189,11381.2,541.09,110.5442,"ramping",119.0156,0.598,42.7,72.1142,-17.24,1480.4,-26.1315,65.251,55.4,26.57,195.753,8.425,3958.8,4.06,223.0731,195.753,27.3201,-7.7761,-0.4199,0,0.0,"ramp_limit",296.181,0,"demo_v2",605338760,"synthetic_generator"
"51.0",130.209,11408.9,541.23,171.5515,"ramping",119.1672,0.598,43.1,72.1141,1.059,1482.3,47.3138,89.592,55.2,26.59,268.776,8.427,4676.8,4.09,296.69,268.776,27.914,47.7383,1.7273,0,0.0,"ramp_limit",296.857,1,"demo_v2",605338760,"synthetic_generator"
"51.1",130.229,11466.6,541.1,191.7777,"ramping",120.4686,0.598,43.0,72.1139,17.832,1479.2,60.229,94.161,55.3,26.61,282.483,8.429,4808.8,4.03,310.9266,282.483,28.4436,43.9517,3.9113,0,0.0,"ramp_limit",279.363,0,"demo_v2",605338760,"synthetic_generator"
"51.2",130.209,11397.4,541.19,113.5445,"ramping",119.8799,0.598,43.1,72.1138,9.835,1479.9,-10.3805,70.712,55.3,26.61,212.136,8.429,4138.0,4.07,239.7084,212.136,27.5724,-19.0169,2.9235,0,0.0,"ramp_limit",298.654,0,"demo_v2",605338760,"synthetic_generator"
"51.3",130.189,11376.1,541.1,105.5504,"ramping",118.359,0.598,43.5,72.1138,0.714,1481.8,-22.3394,66.291,55.5,26.59,198.873,8.429,3987.7,4.09,226.2086,198.873,27.3356,-21.9223,1.7405,0,0.0,"ramp_limit",296.083,0,"demo_v2",605338760,"synthetic_generator"
"51.4",130.169,11345.9,541.12,106.1711,"ramping",119.4657,0.598,43.1,72.1138,-6.689,1481.9,-25.4025,65.457,54.8,26.61,196.371,8.428,3959.9,4.0,224.2322,196.371,27.8612,-17.5924,0.6799,0,-0.0,"ramp_limit",292.982,0,"demo_v2",605338760,"synthetic_generator"
"51.5",130.149,11373.9,541.24,96.6948,"ramping",120.5253,0.598,43.2,72.114,-12.645,1479.4,-27.7004,65.299,54.7,26.62,195.897,8.427,3957.0,4.14,222.9739,195.897,27.0769,-13.9405,0.0018,0,0.0,"ramp_limit",291.23,0,"demo_v2",605338760,"synthetic_generator"
"51.6",130.129,11416.5,541.15,114.5006,"ramping",120.033,0.598,43.0,72.1143,-16.656,1479.7,-26.794,65.263,55.6,26.61,195.789,8.427,3976.1,4.06,223.368,195.789,27.579,-9.0212,-0.4069,0,-0.0,"ramp_limit",288.901,0,"demo_v2",605338760,"synthetic_generator"
"51.7",130.149,11376.0,541.14,173.7412,"ramping",120.9804,0.598,42.8,72.1142,1.108,1479.9,46.0104,89.585,55.4,26.58,268.755,8.429,4676.3,4.05,297.1398,268.755,28.3848,46.3881,1.9586,0,0.0,"ramp_limit",289.213,1,"demo_v2",605338760,"synthetic_generator"
"51.8",130.169,11395.0,541.19,186.4566,"ramping",120.0806,0.598,43.1,72.114,18.168,1480.4,61.2896,94.195,55.6,26.62,282.585,8.431,4837.2,3.99,311.5392,282.585,28.9542,44.6793,3.871,0,0.0,"ramp_limit",298.8,0,"demo_v2",605338760,"synthetic_generator"
"51.9",130.149,11365.4,541.31,117.4995,"ramping",119.238,0.598,43.0,72.1138,10.328,1479.4,-9.487,70.719,55.2,26.62,212.157,8.431,4126.4,4.08,239.9,212.157,27.743,-18.6155,2.7399,0,-0.0,"ramp_limit",287.615,0,"demo_v2",605338760,"synthetic_generator"
"52.0",130.129,11469.9,541.12,120.4898,"ramping",119.0506,0.598,43.4,72.1138,1.159,1480.1,-22.0205,66.306,55.6,26.63,198.918,8.43,4002.6,3.98,227.1591,198.918,28.2411,-22.0437,1.5591,0,-0.0,"ramp_limit",300.54,0,"demo_v2",605338760,"synthetic_generator"
"52.1",130.109,11412.1,541.08,104.3511,"ramping",119.7756,0.597,42.9,72.1139,-6.5,1480.7,-25.8588,65.48,55.3,26.58,196.44,8.43,3972.0,4.09,224.0258,196.44,27.5858,-18.2387,0.551,0,-0.0,"ramp_limit",297.778,0,"demo_v2",605338760,"synthetic_generator"
"52.2",130.089,11388.2,541.18,100.632,"ramping",118.5175,0.597,43.0,72.1141,-11.899,1480.9,-25.5477,65.304,55.4,26.62,195.912,8.429,3959.6,4.17,223.0588,195.912,27.1468,-12.5334,0.1783,0,-0.0,"ramp_limit",284.353,0,"demo_v2",605338760,"synthetic_generator"
"52.3",130.069,11355.5,541.14,97.6107,"ramping",118.7322,0.597,43.2,72.1143,-15.7,1479.5,-25.3076,65.253,55.4,26.61,195.759,8.429,3950.6,4.07,223.4936,195.759,27.7346,-8.4902,-0.3008,0,-0.0,"ramp_limit",282.86,0,"demo_v2",605338760,"synthetic_generator"
"52.4",130.049,11362.8,541.24,100.9844,"ramping",119.086,0.597,42.4,72.1146,-18.601,1478.7,-25.9326,65.241,54.9,26.59,195.723,8.428,3957.4,4.12,223.2024,195.723,27.4794,-6.2156,-0.6441,0,0.0,"ramp_limit",290.127,0,"demo_v2",605338760,"synthetic_generator"
"52.5",130.069,11419.1,541.23,179.5277,"ramping",119.7869,0.597,43.3,72.1146,0.128,1478.8,47.4691,89.578,55.3,26.61,268.734,8.43,4674.4,4.06,297.325,268.734,28.591,48.8277,1.711,0,-0.0,"ramp_limit",294.459,1,"demo_v2",605338760,"synthetic_generator"
"52.6",130.089,11355.9,541.16,186.4171,"ramping",119.066,0.597,42.7,72.1143,17.603,1479.6,61.7735,94.184,55.6,26.62,282.552,8.432,4815.4,4.13,310.9285,282.552,28.3765,45.7251,3.6918,0,-0.0,"ramp_limit",297.745,0,"demo_v2",605338760,"synthetic_generator"
"52.7",130.069,11437.3,541.28,116.7259,"ramping",119.6084,0.597,43.0,72.1142,9.905,1480.8,-9.5507,70.733,55.3,26.64,212.199,8.432,4105.0,4.09,240.1267,212.199,27.9277,-18.255,2.8186,0,-0.0,"ramp_limit",300.02,0,"demo_v2",605338760,"synthetic_generator"
"52.8",130.049,11406.7,541.25,115.6208,"ramping",120.2565,0.597,42.8,72.1142,0.457,1478.0,-23.4264,66.307,55.0,26.6,198.921,8.431,3990.6,4.07,226.8791,198.921,27.9581,-22.749,1.517,0,-0.0,"ramp_limit",295.887,0,"demo_v2",605338760,"synthetic_generator"
"52.9",130.029,11385.2,541.17,100.2409,"ramping",118.7014,0.597,42.8,72.1143,-6.631,1478.5,-24.5478,65.483,55.1,26.62,196.449,8.431,3972.7,4.11,224.1826,196.449,27.7336,-16.7958,0.649,0,-0.0,"ramp_limit",299.177,0,"demo_v2",605338760,"synthetic_generator"
"53.0",130.009,11374.6,541.2,98.5607,"ramping",119.7607,0.597,43.0,72.1144,-12.127,1481.1,-26.0199,65.295,55.5,26.64,195.885,8.43,3961.0,4.09,223.7498,195.885,27.8648,-12.7741,-0.1034,0,0.0,"ramp_limit",280.359,0,"demo_v2",605338760,"synthetic_generator"
"53.1",129.989,11432.3,541.14,99.7806,"ramping",119.6173,0.597,42.5,72.1147,-16.206,1481.0,-26.515,65.253,55.4,26.59,195.759,8.429,3973.0,4.19,223.0913,195.759,27.3323,-9.1936,-0.4998,0,-0.0,"ramp_limit",288.324,0,"demo_v2",605338760,"synthetic_generator"
"53.2",129.969,11394.1,541.17,117.1119,"ramping",119.6647,0.597,43.0,72.1149,-18.826,1479.1,-25.4483,65.263,55.4,26.6,195.789,8.429,3961.5,4.01,224.1854,195.789,28.3964,-5.5013,-0.5705,0,-0.0,"ramp_limit",300.632,0,"demo_v2",605338760,"synthetic_generator"
"53.3",129.989,11440.6,541.23,179.5975,"ramping",119.0892,0.597,43.1,72.1149,0.22,1480.2,48.3629,89.583,55.2,26.6,268.749,8.431,4688.7,4.09,297.4411,268.749,28.6921,49.6301,1.5954,0,-0.0,"ramp_limit",288.201,1,"demo_v2",605338760,"synthetic_generator"
"53.4",130.009,11442.2,541.25,191.4919,"ramping",118.9208,0.597,42.3,72.1147,17.998,1479.3,62.9342,94.192,55.6,26.62,282.576,8.433,4815.7,4.02,311.864,282.576,29.288,46.4955,3.927,0,-0.0,"ramp_limit",299.912,0,"demo_v2",605338760,"synthetic_generator"
"53.5",129.989,11351.2,541.17,119.7895,"ramping",119.6312,0.597,41.8,72.1145,10.355,1480.7,-8.962,70.719,55.3,26.65,212.157,8.433,4118.8,4.04,240.6582,212.157,28.5012,-18.1137,3.0624,0,-0.0,"ramp_limit",291.225,0,"demo_v2",605338760,"synthetic_generator"
"53.6",129.969,11362.8,541.11,104.4266,"ramping",119.3829,0.597,42.6,72.1145,1.178,1480.3,-22.0188,66.27,55.4,26.6,198.81,8.432,3991.7,4.02,227.3331,198.81,28.5231,-22.0601,1.6434,0,-0.0,"ramp_limit",286.882,0,"demo_v2",605338760,"synthetic_generator"
"53.7",129.949,11355.3,541.22,101.3364,"ramping",119.4163,0.597,42.8,72.1146,-6.217,1478.8,-24.9098,65.447,55.1,26.62,196.341,8.432,3976.4,4.09,224.4555,196.341,28.1145,-17.5705,0.6694,0,0.0,"ramp_limit",300.461,0,"demo_v2",605338760,"synthetic_generator"
"53.8",129.929,11499.3,541.17,115.2253,"ramping",118.9172,0.597,42.9,72.1147,-11.311,1479.3,-24.1866,65.293,55.5,26.62,195.879,8.431,3948.3,3.98,224.6596,195.879,28.7806,-11.7523,0.0131,0,0.0,"ramp_limit",296.721,0,"demo_v2",605338760,"synthetic_generator"
"53.9",129.909,11416.5,541.17,100.7735,"ramping",119.3233,0.597,43.0,72.115,-15.274,1478.7,-25.2934,65.289,55.3,26.61,195.867,8.43,3940.1,4.1,223.9389,195.867,28.0719,-8.8997,-0.3114,0,0.0,"ramp_limit",306.222,0,"demo_v2",605338760,"synthetic_generator"
"54.0",129.929,11410.9,541.13,176.2644,"ramping",119.6109,0.597,42.6,72.1149,2.841,1479.2,48.6322,89.615,55.5,26.62,268.845,8.432,4668.1,4.02,298.1721,268.845,29.3271,47.282,2.0223,0,0.0,"ramp_limit",294.292,1,"demo_v2",605338760,"synthetic_generator"
"54.1",129.949,11421.8,541.25,192.8237,"ramping",119.4311,0.597,42.5,72.1146,19.706,1479.2,62.337,94.218,55.4,26.61,282.654,8.435,4835.6,4.1,311.7171,282.654,29.0631,44.1896,3.8735,0,-0.0,"ramp_limit",298.598,0,"demo_v2",605338760,"synthetic_generator"
"54.2",129.929,11431.0,541.15,121.1199,"ramping",119.6802,0.597,43.0,72.1145,11.628,1480.4,-8.7905,70.753,55.6,26.66,212.259,8.434,4122.8,4.07,240.8187,212.259,28.5597,-19.2144,3.0057,0,-0.0,"ramp_limit",295.972,0,"demo_v2",605338760,"synthetic_generator"
"54.3",129.909,11320.4,541.18,108.3568,"ramping",119.9468,0.597,42.9,72.1145,1.926,1478.4,-22.6003,66.308,55.4,26.65,198.924,8.434,3987.1,4.09,227.2555,198.924,28.3315,-23.39,1.5992,0,-0.0,"ramp_limit",289.577,0,"demo_v2",605338760,"synthetic_generator"
"54.4",129.889,11359.1,541.23,105.6413,"ramping",120.1137,0.597,43.1,72.1145,-5.597,1480.3,-24.6115,65.482,55.5,26.64,196.446,8.433,3963.7,3.99,225.3912,196.446,28.9452,-17.8875,0.5209,0,0.0,"ramp_limit",300.51,0,"demo_v2",605338760,"synthetic_generator"
"54.5",129.869,11394.3,541.15,103.3435,"ramping",120.005,0.597,42.6,72.1147,-11.108,1479.9,-25.0395,65.331,55.3,26.59,195.993,8.433,3957.9,4.01,224.8345,195.993,28.8415,-12.8073,-0.1795,0,0.0,"ramp_limit",298.637,0,"demo_v2",605338760,"synthetic_generator"
"54.6",129.849,11388.7,541.17,103.9535,"ramping",118.7396,0.597,43.4,72.1149,-14.968,1479.5,-24.7247,65.296,55.3,26.59,195.888,8.432,3963.9,4.16,223.8639,195.888,27.9759,-8.6374,-0.5673,0,0.0,"ramp_limit",293.406,0,"demo_v2",605338760,"synthetic_generator"
"54.7",129.869,11407.2,541.24,180.9093,"ramping",119.9264,0.597,42.7,72.1149,2.966,1481.2,48.2971,89.62,55.2,26.61,268.86,8.434,4703.7,4.08,298.0925,268.86,29.2325,46.8216,1.7173,0,-0.0,"ramp_limit",294.368,1,"demo_v2",605338760,"synthetic_generator"
"54.8",129.889,11420.6,541.23,192.2834,"ramping",119.5783,0.597,43.1,72.1146,19.882,1479.9,62.6402,94.212,55.2,26.61,282.636,8.436,4832.6,4.07,312.1075,282.636,29.4715,44.3188,4.05,0,0.0,"ramp_limit",294.811,0,"demo_v2",605338760,"synthetic_generator"
"54.9",129.869,11440.8,541.18,119.5383,"ramping",119.7752,0.597,42.9,72.1144,11.842,1478.7,-8.4815,70.748,55.2,26.69,212.244,8.436,4127.4,4.05,241.1627,212.244,28.9187,-19.1177,2.6518,0,-0.0,"ramp_limit",296.838,0,"demo_v2",605338760,"synthetic_generator"
"55.0",129.849,11392.1,541.23,101.4633,"ramping",119.6117,0.597,42.9,72.1144,2.166,1479.2,-22.2919,66.319,55.4,26.66,198.957,8.435,3991.5,4.15,227.1688,198.957,28.2118,-23.3221,1.6262,0,-0.0,"ramp_limit",297.911,0,"demo_v2",605338760,"synthetic_generator"
"55.1",129.829,11397.8,541.2,106.2406,"ramping",119.6227,0.597,42.9,72.1145,-5.269,1479.4,-24.0635,65.489,54.9,26.65,196.467,8.435,3953.3,4.03,225.3882,196.467,28.9212,-17.6675,0.494,0,-0.0,"ramp_limit",299.524,0,"demo_v2",605338760,"synthetic_generator"
"55.2",129.809,11406.5,541.21,101.6588,"ramping",118.8553,0.597,42.9,72.1146,-10.664,1478.3,-24.2984,65.338,55.2,26.63,196.014,8.434,3962.9,4.13,224.3659,196.014,28.3519,-12.5125,-0.0846,0,-0.0,"ramp_limit",300.01,0,"demo_v2",605338760,"synthetic_generator"
"55.3",129.789,11427.8,541.03,109.1652,"ramping",119.7107,0.597,42.9,72.1148,-14.592,1477.7,-24.5215,65.335,55.3,26.63,196.005,8.433,3952.7,4.03,224.9782,196.005,28.9732,-8.8046,-0.5002,0,0.0,"ramp_limit",308.927,0,"demo_v2",605338760,"synthetic_generator"
"55.4",129.809,11405.0,541.2,185.0565,"ramping",118.783,0.597,43.2,72.1148,3.68,1480.2,49.8666,89.639,55.5,26.64,268.917,8.435,4660.0,4.06,298.4586,268.917,29.5416,47.6789,1.8613,0,-0.0,"ramp_limit",285.756,1,"demo_v2",605338760,"synthetic_generator"
"55.5",129.829,11414.1,541.27,191.4965,"ramping",119.6638,0.597,43.1,72.1145,20.454,1479.9,62.8522,94.237,55.3,26.68,282.711,8.438,4825.0,4.08,312.345,282.711,29.634,43.96,3.9502,0,-0.0,"ramp_limit",298.576,0,"demo_v2",605338760,"synthetic_generator"
"55.6",129.834,11407.0,541.16,130.2602,"at_target",119.3294,0.597,42.9,72.1143,12.5,1480.1,-7.603,70.764,55.3,26.67,212.292,8.437,4120.9,4.03,241.5604,212.292,29.2684,-18.8952,2.628,0,0.0,"none",294.32,0,"demo_v2",605338760,"synthetic_generator"
"55.7",129.8144,11409.0,541.1,116.5274,"ramping",118.6427,0.597,43.2,72.1143,3.114,1481.5,-20.6116,66.365,55.0,26.59,199.095,8.437,4005.9,4.1,227.8455,199.095,28.7505,-22.5863,1.5029,0,0.0,"ramp_limit",312.076,0,"demo_v2",605338760,"synthetic_generator"
"55.8",129.794,11421.3,541.12,106.4161,"ramping",119.7559,0.598,42.8,72.1143,-4.628,1478.9,-24.197,65.516,55.3,26.65,196.548,8.436,3974.0,4.09,225.3529,196.548,28.8049,-18.4422,0.8708,0,-0.0,"ramp_limit",292.294,0,"demo_v2",605338760,"synthetic_generator"
"55.9",129.774,11381.9,541.23,105.8147,"ramping",119.8039,0.598,43.1,72.1145,-10.264,1481.8,-24.5115,65.354,55.1,26.63,196.062,8.436,3964.2,4.06,225.0664,196.062,29.0044,-13.1221,-0.1724,0,0.0,"ramp_limit",295.759,0,"demo_v2",605338760,"synthetic_generator"
"56.0",129.754,11437.0,541.19,107.1458,"ramping",118.9364,0.598,43.1,72.1147,-14.127,1481.2,-23.8914,65.339,55.1,26.61,196.017,8.435,3960.5,4.1,224.799,196.017,28.782,-8.6404,-0.4477,0,0.0,"ramp_limit",304.522,0,"demo_v2",605338760,"synthetic_generator"
"56.1",129.734,11412.8,541.24,101.3527,"ramping",120.0488,0.598,43.0,72.1149,-17.168,1480.5,-24.8539,65.333,55.5,26.63,195.999,8.434,3961.1,4.08,224.9289,195.999,28.9299,-6.5612,-0.8406,0,-0.0,"ramp_limit",297.73,0,"demo_v2",605338760,"synthetic_generator"
"56.2",129.714,11335.3,541.21,105.8905,"ramping",120.3866,0.598,43.3,72.1152,-19.466,1478.9,-25.2746,65.329,55.3,26.6,195.987,8.434,3966.5,4.1,224.826,195.987,28.839,-4.6845,-1.0121,0,-0.0,"ramp_limit",296.582,0,"demo_v2",605338760,"synthetic_generator"
"56.3",129.734,11374.3,541.2,165.988,"ramping",118.5756,0.598,42.5,72.1152,0.238,1479.0,50.0446,89.667,55.0,26.62,269.001,8.435,4676.2,4.14,298.3542,269.001,29.3532,51.2984,1.423,0,-0.0,"ramp_limit",300.319,1,"demo_v2",605338760,"synthetic_generator"
"56.4",129.754,11416.5,541.19,191.4305,"ramping",119.9872,0.598,43.0,72.1149,18.129,1479.5,63.353,94.265,55.6,26.63,282.795,8.438,4835.7,4.02,313.0942,282.795,30.2992,46.7895,3.7702,0,0.0,"ramp_limit",298.928,0,"demo_v2",605338760,"synthetic_generator"
"56.5",129.734,11424.7,541.19,126.9051,"ramping",119.3325,0.598,42.8,72.1148,11.096,1478.3,-6.6813,70.818,55.0,26.64,212.454,8.438,4116.2,3.97,242.3852,212.454,29.9312,-16.5654,2.9346,0,0.0,"ramp_limit",307.032,0,"demo_v2",605338760,"synthetic_generator"
"56.6",129.714,11334.0,541.25,108.7961,"ramping",118.9332,0.598,42.5,72.1147,2.033,1480.4,-20.8772,66.355,55.4,26.64,199.065,8.437,3983.8,4.15,227.77,199.065,28.705,-21.7714,1.7131,0,-0.0,"ramp_limit",284.767,0,"demo_v2",605338760,"synthetic_generator"
"56.7",129.694,11446.4,541.2,106.3956,"ramping",120.3728,0.598,42.8,72.1148,-5.483,1480.6,-24.4815,65.508,55.4,26.61,196.524,8.436,3952.0,4.09,225.5853,196.524,29.0613,-17.8705,0.708,0,-0.0,"ramp_limit",294.184,0,"demo_v2",605338760,"synthetic_generator"
"56.8",129.674,11386.7,541.09,104.8609,"ramping",120.1168,0.598,42.8,72.115,-11.031,1481.5,-25.0551,65.352,55.2,26.64,196.056,8.436,3968.0,4.16,224.7357,196.056,28.6797,-12.9004,-0.166,0,0.0,"ramp_limit",299.502,0,"demo_v2",605338760,"synthetic_generator"
"56.9",129.654,11386.8,541.15,101.788,"ramping",119.0933,0.597,43.1,72.1152,-14.569,1479.1,-23.5108,65.33,55.4,26.58,195.99,8.435,3962.9,4.07,225.2365,195.99,29.2465,-7.8156,-0.4477,0,0.0,"ramp_limit",302.562,0,"demo_v2",605338760,"synthetic_generator"
"57.0",129.634,11399.0,541.25,105.8719,"ramping",119.566,0.597,42.9,72.1154,-17.404,1479.8,-24.5692,65.328,55.4,26.62,195.984,8.434,3944.7,4.17,224.6308,195.984,28.6468,-6.0421,-0.5561,0,0.0,"ramp_limit",301.008,0,"demo_v2",605338760,"synthetic_generator"
"57.1",129.654,11378.8,541.2,177.129,"ramping",119.1805,0.597,42.7,72.1154,1.731,1480.6,50.0966,89.65,55.2,26.59,268.95,8.436,4688.9,4.08,298.9311,268.95,29.981,49.8602,1.9157,0,-0.0,"ramp_limit",293.989,1,"demo_v2",605338760,"synthetic_generator"
"57.2",129.674,11382.4,541.18,192.4068,"ramping",118.1502,0.597,42.8,72.1151,19.696,1479.4,65.1084,94.234,55.5,26.66,282.702,8.439,4827.3,4.07,312.9326,282.702,30.2306,46.977,4.0401,0,0.0,"ramp_limit",294.118,0,"demo_v2",605338760,"synthetic_generator"
"57.3",129.654,11404.7,541.25,119.3485,"ramping",119.5622,0.598,43.1,72.1149,12.052,1480.0,-7.2708,70.774,55.2,26.62,212.322,8.438,4127.8,4.06,241.9454,212.322,29.6234,-18.113,2.811,0,0.0,"ramp_limit",301.998,0,"demo_v2",605338760,"synthetic_generator"
"57.4",129.634,11407.9,541.2,116.1603,"ramping",119.1055,0.598,42.8,72.1149,2.771,1479.7,-20.6893,66.337,55.2,26.66,199.011,8.438,4010.6,4.14,228.0502,199.011,29.0392,-22.3201,1.6561,0,0.0,"ramp_limit",297.389,0,"demo_v2",605338760,"synthetic_generator"
"57.5",129.614,11350.6,541.23,107.8529,"ramping",120.2063,0.598,43.0,72.115,-4.738,1479.3,-23.7193,65.505,55.2,26.65,196.515,8.437,3975.8,4.05,226.101,196.515,29.586,-17.8507,0.664,0,-0.0,"ramp_limit",301.932,0,"demo_v2",605338760,"synthetic_generator"
"57.6",129.594,11390.7,541.18,111.4839,"ramping",120.0079,0.598,43.4,72.1151,-10.231,1478.5,-24.1156,65.358,55.6,26.62,196.074,8.437,3965.2,4.08,225.4863,196.074,29.4123,-12.7572,0.0017,0,-0.0,"ramp_limit",304.486,0,"demo_v2",605338760,"synthetic_generator"
"57.7",129.574,11422.7,541.09,110.4434,"ramping",119.6748,0.598,43.2,72.1153,-14.097,1479.2,-23.8704,65.337,55.5,26.63,196.011,8.436,3957.5,4.09,225.3784,196.011,29.3674,-8.6465,-0.3006,0,0.0,"ramp_limit",304.073,0,"demo_v2",605338760,"synthetic_generator"
"57.8",129.554,11429.7,541.27,100.4806,"ramping",119.1257,0.598,43.0,72.1155,-16.752,1479.5,-23.4633,65.293,55.2,26.67,195.879,8.435,3964.6,4.1,225.2164,195.879,29.3374,-5.5852,-0.7306,0,0.0,"ramp_limit",282.639,0,"demo_v2",605338760,"synthetic_generator"
"57.9",129.574,11416.7,541.2,172.7659,"ramping",120.1074,0.598,42.9,72.1155,2.035,1480.5,49.5257,89.641,55.1,26.59,268.923,8.437,4679.3,4.07,299.2071,268.923,30.2841,48.9868,1.692,0,0.0,"ramp_limit",307.112,1,"demo_v2",605338760,"synthetic_generator"
"58.0",129.594,11381.8,541.22,201.4947,"ramping",119.5439,0.598,42.3,72.1152,19.579,1480.5,63.9259,94.237,55.5,26.65,282.711,8.439,4824.7,4.09,313.0638,282.711,30.3528,45.9122,3.9883,0,-0.0,"ramp_limit",300.045,0,"demo_v2",605338760,"synthetic_generator"
"58.1",129.574,11398.9,541.22,120.6429,"ramping",120.7041,0.598,42.7,72.1151,11.745,1479.4,-8.0594,70.761,55.4,26.67,212.283,8.439,4125.9,4.05,242.2187,212.283,29.9357,-18.5933,2.7323,0,0.0,"ramp_limit",296.365,0,"demo_v2",605338760,"synthetic_generator"
"58.2",129.554,11418.1,541.11,103.2952,"ramping",120.4498,0.598,42.8,72.115,2.328,1481.4,-21.4753,66.338,55.4,26.62,199.014,8.439,3993.9,4.1,228.5285,199.014,29.5145,-22.6606,1.6868,0,0.0,"ramp_limit",304.441,0,"demo_v2",605338760,"synthetic_generator"
"58.3",129.534,11396.5,541.2,111.9016,"ramping",120.6377,0.598,42.4,72.1151,-5.261,1478.8,-24.4429,65.49,55.6,26.63,196.47,8.438,3960.1,4.14,225.7288,196.47,29.2588,-18.0533,0.8407,0,-0.0,"ramp_limit",295.77,0,"demo_v2",605338760,"synthetic_generator"
"58.4",129.514,11401.3,541.32,103.073,"ramping",118.9692,0.598,43.1,72.1153,-10.048,1479.8,-22.1497,65.325,55.5,26.66,195.975,8.437,3951.0,3.97,226.3335,195.975,30.3585,-10.97,0.1886,0,0.0,"ramp_limit",297.48,0,"demo_v2",605338760,"synthetic_generator"
"58.5",129.494,11462.2,541.25,107.7479,"ramping",119.4607,0.598,43.2,72.1154,-13.893,1480.1,-23.611,65.286,55.2,26.64,195.858,8.437,3953.1,4.11,225.3437,195.858,29.4857,-8.5913,-0.2837,0,-0.0,"ramp_limit",296.546,0,"demo_v2",605338760,"synthetic_generator"
"58.6",129.514,11413.2,541.24,178.1339,"ramping",119.4186,0.598,43.3,72.1154,4.331,1480.5,50.3965,89.606,55.1,26.67,268.818,8.438,4682.9,4.07,299.3291,268.818,30.5111,47.5622,1.8594,0,-0.0,"ramp_limit",297.603,1,"demo_v2",605338760,"synthetic_generator"
"58.7",129.534,11404.4,541.21,188.4443,"ramping",119.0922,0.598,42.7,72.1151,21.34,1479.6,64.3348,94.188,55.2,26.65,282.564,8.441,4834.4,4.12,312.961,282.564,30.397,44.5596,4.117,0,-0.0,"ramp_limit",295.288,0,"demo_v2",605338760,"synthetic_generator"
"58.8",129.514,11420.3,541.19,120.8401,"ramping",119.7125,0.598,42.9,72.1149,13.254,1479.0,-7.1855,70.732,55.4,26.65,212.196,8.44,4128.7,4.1,242.041,212.196,29.845,-19.2293,2.8729,0,0.0,"ramp_limit",305.585,0,"demo_v2",605338760,"synthetic_generator"
"58.9",129.494,11455.2,541.34,111.5025,"ramping",118.8386,0.598,43.5,72.1149,3.799,1479.5,-20.1007,66.289,55.5,26.63,198.867,8.44,3994.6,4.16,228.2319,198.867,29.3649,-22.7585,1.851,0,0.0,"ramp_limit",296.367,0,"demo_v2",605338760,"synthetic_generator"
"59.0",129.474,11439.0,541.24,103.1806,"ramping",118.7948,0.598,42.8,72.1149,-3.5,1479.8,-21.9485,65.443,55.4,26.65,196.329,8.439,3971.3,4.06,226.3203,196.329,29.9913,-17.3169,0.7169,0,0.0,"ramp_limit",297.136,0,"demo_v2",605338760,"synthetic_generator"
"59.1",129.454,11399.3,541.21,115.5052,"ramping",120.2488,0.598,42.3,72.115,-9.373,1478.8,-24.2206,65.271,54.9,26.62,195.813,8.439,3941.4,4.11,225.4822,195.813,29.6692,-13.7202,-0.0499,0,-0.0,"ramp_limit",295.268,0,"demo_v2",605338760,"synthetic_generator"
"59.2",129.434,11403.3,541.24,107.5889,"ramping",120.1391,0.598,42.8,72.1152,-13.436,1481.9,-23.7062,65.252,55.5,26.67,195.756,8.438,3977.2,4.05,225.8669,195.756,30.1109,-9.1409,-0.4751,0,-0.0,"ramp_limit",306.676,0,"demo_v2",605338760,"synthetic_generator"
"59.3",129.414,11440.6,541.26,105.4476,"ramping",120.0108,0.598,43.3,72.1154,-16.414,1477.0,-23.9412,65.231,55.5,26.64,195.693,8.437,3951.3,4.1,225.4836,195.693,29.7906,-6.3998,-0.5999,0,0.0,"ramp_limit",294.639,0,"demo_v2",605338760,"synthetic_generator"
"59.4",129.434,11406.5,541.27,177.3859,"ramping",119.9884,0.598,42.6,72.1154,2.371,1481.1,49.8539,89.566,55.4,26.66,268.698,8.439,4694.9,4.1,299.2763,268.698,30.5783,48.9793,1.7272,0,-0.0,"ramp_limit",303.089,1,"demo_v2",605338760,"synthetic_generator"
"59.5",129.454,11406.2,541.23,194.7799,"ramping",120.3729,0.598,43.2,72.1151,19.677,1479.7,63.4207,94.189,55.2,26.62,282.567,8.441,4812.5,4.11,313.2476,282.567,30.6806,45.3099,3.9579,0,0.0,"ramp_limit",314.008,0,"demo_v2",605338760,"synthetic_generator"
"59.6",129.434,11398.2,541.25,116.1894,"ramping",119.8001,0.598,42.9,72.115,12.418,1479.7,-5.9302,70.726,55.6,26.63,212.178,8.441,4111.8,3.94,243.3039,212.178,31.1259,-17.1317,3.0052,0,0.0,"ramp_limit",303.733,0,"demo_v2",605338760,"synthetic_generator"
"59.7",129.414,11405.8,541.24,106.0149,"ramping",119.4825,0.598,43.1,72.1149,3.242,1479.9,-19.9507,66.275,55.4,26.65,198.825,8.441,4008.5,4.08,228.9458,198.825,30.1208,-22.048,1.6111,0,0.0,"ramp_limit",293.809,0,"demo_v2",605338760,"synthetic_generator"
"59.8",129.394,11444.5,541.25,105.0089,"ramping",119.1452,0.598,42.8,72.115,-3.992,1479.7,-22.2794,65.425,55.0,26.67,196.275,8.44,3975.6,4.1,226.2598,196.275,29.9848,-17.1561,0.6854,0,-0.0,"ramp_limit",296.256,0,"demo_v2",605338760,"synthetic_generator"
"59.9",129.374,11414.2,541.23,100.9214,"ramping",119.5189,0.598,42.6,72.1151,-9.366,1479.9,-22.9477,65.253,55.3,26.65,195.759,8.439,3961.0,4.07,225.9452,195.759,30.1862,-12.452,0.0942,0,-0.0,"ramp_limit",296.275,0,"demo_v2",605338760,"synthetic_generator"
